instant,dteday,season,yr,mnth,hr,holiday,weekday,workingday,weathersit,temp,atemp,hum,windspeed,casual,registered,cnt
15,2011-01-01,1,0,1,14,0,6,0,2,0.46,0.4545,0.72,0.2836,35,71,106
30,2011-01-02,1,0,1,6,0,0,0,3,0.42,0.4242,0.77,0.2985,0,2,2
45,2011-01-02,1,0,1,21,0,0,0,1,0.26,0.2273,0.44,0.3284,11,20,31
60,2011-01-03,1,0,1,14,0,1,1,1,0.26,0.2424,0.3,0.2836,11,66,77
75,2011-01-04,1,0,1,6,0,2,1,1,0.12,0.1515,0.74,0.1045,0,36,36
90,2011-01-04,1,0,1,21,0,2,1,1,0.22,0.2727,0.64,0,0,48,48
105,2011-01-05,1,0,1,13,0,3,1,1,0.28,0.2576,0.3,0.2985,6,65,71
120,2011-01-06,1,0,1,5,0,4,1,2,0.14,0.1818,0.69,0.0896,0,4,4
135,2011-01-06,1,0,1,20,0,4,1,1,0.2,0.2121,0.51,0.1642,3,66,69
150,2011-01-07,1,0,1,12,0,5,1,2,0.2,0.197,0.37,0.2537,9,50,59
165,2011-01-08,1,0,1,3,0,6,0,3,0.18,0.197,0.55,0.1642,0,7,7
180,2011-01-08,1,0,1,18,0,6,0,1,0.14,0.1212,0.39,0.2985,3,52,55
195,2011-01-09,1,0,1,9,0,0,0,1,0.12,0.0758,0.46,0.5224,0,19,19
210,2011-01-10,1,0,1,0,0,1,1,1,0.12,0.1212,0.5,0.2836,2,3,5
225,2011-01-10,1,0,1,15,0,1,1,2,0.2,0.197,0.4,0.2239,2,43,45
240,2011-01-11,1,0,1,8,0,2,1,2,0.18,0.2121,0.51,0.0896,3,214,217
255,2011-01-11,1,0,1,23,0,2,1,3,0.16,0.197,0.93,0.0896,1,18,19
270,2011-01-12,1,0,1,16,0,3,1,1,0.22,0.197,0.44,0.3284,5,63,68
285,2011-01-13,1,0,1,7,0,4,1,1,0.12,0.1515,0.54,0.1343,0,72,72
300,2011-01-13,1,0,1,22,0,4,1,1,0.14,0.1212,0.46,0.3284,0,30,30
315,2011-01-14,1,0,1,14,0,5,1,1,0.22,0.2121,0.41,0.2836,5,59,64
330,2011-01-15,1,0,1,5,0,6,0,1,0.16,0.2273,0.59,0,0,1,1
345,2011-01-15,1,0,1,20,0,6,0,2,0.32,0.303,0.39,0.2537,6,35,41
360,2011-01-16,1,0,1,11,0,0,0,1,0.24,0.2273,0.44,0.2537,23,70,93
375,2011-01-17,1,0,1,2,1,1,0,2,0.18,0.1667,0.43,0.2537,0,8,8
390,2011-01-17,1,0,1,17,1,1,0,1,0.2,0.197,0.51,0.194,4,67,71
405,2011-01-18,1,0,1,20,0,2,1,2,0.22,0.2727,0.87,0,0,83,83
420,2011-01-19,1,0,1,12,0,3,1,2,0.3,0.3182,0.81,0.0896,5,65,70
435,2011-01-20,1,0,1,3,0,4,1,1,0.26,0.2576,0.56,0.1642,0,1,1
450,2011-01-20,1,0,1,18,0,4,1,2,0.26,0.2576,0.56,0.194,1,184,185
465,2011-01-21,1,0,1,9,0,5,1,1,0.2,0.1818,0.51,0.3582,7,159,166
480,2011-01-22,1,0,1,0,0,6,0,1,0.04,0.0303,0.45,0.2537,0,13,13
495,2011-01-22,1,0,1,16,0,6,0,1,0.12,0.1364,0.28,0.194,11,72,83
510,2011-01-23,1,0,1,8,0,0,0,1,0.06,0.0758,0.62,0.1642,2,17,19
525,2011-01-23,1,0,1,23,0,0,0,1,0.06,0.0606,0.41,0.2239,4,17,21
540,2011-01-24,1,0,1,15,0,1,1,1,0.16,0.1667,0.4,0.1642,7,50,57
555,2011-01-25,1,0,1,7,0,2,1,1,0.16,0.1515,0.74,0.2239,5,103,108
570,2011-01-25,1,0,1,22,0,2,1,1,0.22,0.2273,0.64,0.1642,4,49,53
585,2011-01-26,1,0,1,15,0,3,1,3,0.22,0.1818,0.93,0.4627,1,42,43
600,2011-01-28,1,0,1,5,0,5,1,2,0.18,0.2121,0.8,0.1045,0,4,4
615,2011-01-28,1,0,1,20,0,5,1,2,0.24,0.2273,0.7,0.194,1,61,62
630,2011-01-29,1,0,1,12,0,6,0,2,0.2,0.197,0.59,0.194,12,66,78
645,2011-01-30,1,0,1,3,0,0,0,1,0.14,0.2121,0.93,0,1,7,8
660,2011-01-30,1,0,1,19,0,0,0,1,0.26,0.2576,0.65,0.194,9,46,55
675,2011-01-31,1,0,1,10,0,1,1,2,0.16,0.1515,0.59,0.194,1,68,69
690,2011-02-01,1,0,2,1,0,2,1,2,0.16,0.1818,0.69,0.1045,0,3,3
705,2011-02-01,1,0,2,17,0,2,1,2,0.24,0.2879,0.75,0,4,172,176
720,2011-02-02,1,0,2,8,0,3,1,3,0.22,0.2121,0.93,0.2239,1,154,155
735,2011-02-02,1,0,2,23,0,3,1,1,0.2,0.1667,0.44,0.4478,3,29,32
750,2011-02-03,1,0,2,15,0,4,1,1,0.22,0.197,0.37,0.3284,4,56,60
765,2011-02-04,1,0,2,7,0,5,1,1,0.14,0.2121,0.59,0,0,87,87
780,2011-02-04,1,0,2,22,0,5,1,2,0.24,0.2424,0.65,0.1642,1,45,46
795,2011-02-05,1,0,2,13,0,6,0,3,0.22,0.2273,1,0.1642,10,62,72
810,2011-02-06,1,0,2,4,0,0,0,1,0.26,0.2273,0.6,0.3582,0,2,2
825,2011-02-06,1,0,2,19,0,0,0,1,0.28,0.2879,0.61,0.1343,1,20,21
840,2011-02-07,1,0,2,10,0,1,1,1,0.24,0.2576,0.75,0.1045,6,49,55
855,2011-02-08,1,0,2,1,0,2,1,2,0.28,0.3182,0.87,0,0,4,4
870,2011-02-08,1,0,2,16,0,2,1,1,0.22,0.1818,0.35,0.5224,4,79,83
885,2011-02-09,1,0,2,8,0,3,1,1,0.1,0.1364,0.42,0,1,198,199
900,2011-02-09,1,0,2,23,0,3,1,3,0.16,0.1515,0.8,0.194,0,37,37
915,2011-02-10,1,0,2,15,0,4,1,1,0.2,0.197,0.25,0.2537,0,50,50
930,2011-02-11,1,0,2,8,0,5,1,1,0.1,0.1212,0.74,0.1642,4,212,216
945,2011-02-11,1,0,2,23,0,5,1,1,0.18,0.2424,0.69,0,5,48,53
960,2011-02-12,1,0,2,14,0,6,0,1,0.34,0.3182,0.31,0.2836,30,90,120
975,2011-02-13,1,0,2,6,0,0,0,2,0.2,0.2121,0.69,0.1343,2,3,5
990,2011-02-13,1,0,2,21,0,0,0,1,0.4,0.4091,0.35,0.3582,6,45,51
1005,2011-02-14,1,0,2,12,0,1,1,1,0.56,0.5303,0.22,0.4478,27,99,126
1020,2011-02-15,1,0,2,4,0,2,1,1,0.22,0.1818,0.37,0.5224,0,1,1
1035,2011-02-15,1,0,2,19,0,2,1,1,0.28,0.2879,0.26,0.1343,3,142,145
1050,2011-02-16,1,0,2,11,0,3,1,1,0.34,0.303,0.34,0.2985,7,59,66
1065,2011-02-17,1,0,2,2,0,4,1,2,0.34,0.3182,0.53,0.2239,2,4,6
1080,2011-02-17,1,0,2,17,0,4,1,2,0.58,0.5455,0.32,0.2985,18,256,274
1095,2011-02-18,1,0,2,8,0,5,1,2,0.42,0.4242,0.77,0.194,26,246,272
1110,2011-02-18,1,0,2,23,0,5,1,1,0.52,0.5,0.08,0.2836,16,61,77
1125,2011-02-19,1,0,2,14,0,6,0,1,0.46,0.4545,0.15,0.6567,102,94,196
1140,2011-02-20,1,0,2,6,0,0,0,1,0.2,0.1818,0.47,0.2985,1,1,2
1155,2011-02-20,1,0,2,21,0,0,0,2,0.32,0.3485,0.53,0,17,39,56
1170,2011-02-21,1,0,2,12,1,1,0,2,0.32,0.3182,0.66,0.194,26,67,93
1185,2011-02-22,1,0,2,9,0,2,1,2,0.14,0.1212,0.74,0.2537,5,101,106
1200,2011-02-23,1,0,2,0,0,3,1,1,0.14,0.1364,0.5,0.194,0,6,6
1215,2011-02-23,1,0,2,16,0,3,1,1,0.34,0.3636,0.25,0,15,79,94
1230,2011-02-24,1,0,2,8,0,4,1,1,0.24,0.2273,0.7,0.2239,8,244,252
1245,2011-02-24,1,0,2,23,0,4,1,2,0.32,0.303,0.93,0.2239,3,47,50
1260,2011-02-25,1,0,2,15,0,5,1,1,0.46,0.4545,0.41,0.806,5,50,55
1275,2011-02-26,1,0,2,6,0,6,0,1,0.22,0.2727,0.6,0,1,6,7
1290,2011-02-26,1,0,2,21,0,6,0,1,0.28,0.2727,0.65,0.2537,9,59,68
1305,2011-02-27,1,0,2,13,0,0,0,1,0.42,0.4242,0.47,0,90,169,259
1320,2011-02-28,1,0,2,6,0,1,1,2,0.34,0.3485,0.96,0.1045,1,27,28
1335,2011-02-28,1,0,2,21,0,1,1,2,0.38,0.3939,0.87,0.3881,2,78,80
1350,2011-03-01,1,0,3,12,0,2,1,1,0.3,0.303,0.39,0.1343,6,80,86
1365,2011-03-02,1,0,3,3,0,3,1,1,0.22,0.2121,0.69,0.2836,3,1,4
1380,2011-03-02,1,0,3,18,0,3,1,1,0.46,0.4545,0.23,0.4925,8,193,201
1395,2011-03-03,1,0,3,9,0,4,1,1,0.16,0.1364,0.37,0.2836,10,135,145
1410,2011-03-04,1,0,3,0,0,5,1,2,0.2,0.197,0.55,0.194,0,12,12
1425,2011-03-04,1,0,3,15,0,5,1,1,0.36,0.3333,0.4,0.2985,31,75,106
1440,2011-03-05,1,0,3,6,0,6,0,2,0.3,0.2879,1,0.2239,1,3,4
1455,2011-03-05,1,0,3,21,0,6,0,2,0.44,0.4394,0.72,0.3284,12,60,72
1470,2011-03-06,1,0,3,13,0,0,0,2,0.46,0.4545,0.94,0.3582,22,83,105
1485,2011-03-07,1,0,3,5,0,1,1,1,0.2,0.1818,0.75,0.3582,0,1,1
1500,2011-03-07,1,0,3,20,0,1,1,1,0.3,0.303,0.33,0.1642,5,87,92
1515,2011-03-08,1,0,3,11,0,2,1,2,0.36,0.3485,0.25,0.1642,26,52,78
1530,2011-03-09,1,0,3,2,0,3,1,1,0.26,0.2727,0.52,0.1343,1,1,2
1545,2011-03-09,1,0,3,17,0,3,1,2,0.34,0.303,0.76,0.2985,18,176,194
1560,2011-03-10,1,0,3,10,0,4,1,3,0.4,0.4091,0,0.1642,0,17,17
1575,2011-03-11,1,0,3,1,0,5,1,3,0.34,0.3485,1,0.1045,0,8,8
1590,2011-03-11,1,0,3,17,0,5,1,1,0.34,0.3182,0.49,0.2239,23,200,223
1605,2011-03-12,1,0,3,8,0,6,0,1,0.26,0.2576,0.65,0.1642,9,44,53
1620,2011-03-12,1,0,3,23,0,6,0,1,0.38,0.3939,0.66,0.0896,11,38,49
1635,2011-03-13,1,0,3,15,0,0,0,1,0.48,0.4697,0.39,0.3284,149,155,304
1650,2011-03-14,1,0,3,7,0,1,1,2,0.28,0.3182,0.61,0,4,84,88
1665,2011-03-14,1,0,3,22,0,1,1,1,0.32,0.3333,0.49,0.1045,4,43,47
1680,2011-03-15,1,0,3,14,0,2,1,2,0.38,0.3939,0.46,0.2985,14,74,88
1695,2011-03-16,1,0,3,6,0,3,1,2,0.3,0.3182,0.93,0.1045,1,30,31
1710,2011-03-16,1,0,3,21,0,3,1,2,0.42,0.4242,0.58,0.2836,3,75,78
1725,2011-03-17,1,0,3,12,0,4,1,1,0.5,0.4848,0.45,0.2239,24,81,105
1740,2011-03-18,1,0,3,3,0,5,1,1,0.36,0.3485,0.71,0.194,1,4,5
1755,2011-03-18,1,0,3,19,0,5,1,1,0.66,0.6212,0.44,0.1343,58,132,190
1770,2011-03-19,1,0,3,10,0,6,0,1,0.44,0.4394,0.38,0.4179,55,85,140
1785,2011-03-20,1,0,3,1,0,0,0,1,0.32,0.2879,0.53,0.3582,2,22,24
1800,2011-03-20,1,0,3,16,0,0,0,1,0.42,0.4242,0.32,0,92,132,224
1815,2011-03-21,2,0,3,8,0,1,1,2,0.3,0.2727,0.87,0.4179,3,95,98
1830,2011-03-21,2,0,3,23,0,1,1,1,0.46,0.4545,0.88,0.0896,8,22,30
1845,2011-03-22,2,0,3,14,0,2,1,1,0.5,0.4848,0.42,0.3284,30,71,101
1860,2011-03-23,2,0,3,6,0,3,1,2,0.34,0.3182,0.87,0.2537,1,43,44
1875,2011-03-23,2,0,3,21,0,3,1,3,0.32,0.2879,1,0.4179,0,22,22
1890,2011-03-24,2,0,3,12,0,4,1,2,0.3,0.2727,0.7,0.3284,12,82,94
1905,2011-03-25,2,0,3,3,0,5,1,1,0.2,0.2273,0.69,0.1045,0,2,2
1920,2011-03-25,2,0,3,18,0,5,1,1,0.3,0.2879,0.39,0.2537,8,190,198
1935,2011-03-26,2,0,3,9,0,6,0,1,0.24,0.2424,0.41,0.1343,32,68,100
1950,2011-03-27,2,0,3,0,0,0,0,2,0.26,0.2576,0.41,0.1642,5,26,31
1965,2011-03-27,2,0,3,16,0,0,0,1,0.34,0.3333,0.34,0,45,98,143
1980,2011-03-28,2,0,3,8,0,1,1,1,0.2,0.197,0.34,0.2239,15,239,254
1995,2011-03-28,2,0,3,23,0,1,1,1,0.28,0.2576,0.24,0.2985,1,18,19
2010,2011-03-29,2,0,3,14,0,2,1,1,0.36,0.3333,0.25,0.2537,20,66,86
2025,2011-03-30,2,0,3,5,0,3,1,2,0.3,0.2879,0.56,0.194,0,7,7
2040,2011-03-30,2,0,3,20,0,3,1,3,0.24,0.2121,0.93,0.2985,4,40,44
2055,2011-03-31,2,0,3,11,0,4,1,3,0.28,0.2727,0.93,0.194,6,52,58
2070,2011-04-01,2,0,4,2,0,5,1,3,0.26,0.2576,0.93,0.194,0,7,7
2085,2011-04-01,2,0,4,17,0,5,1,1,0.34,0.303,0.46,0.3284,36,245,281
2100,2011-04-02,2,0,4,8,0,6,0,1,0.3,0.3182,0.7,0.1045,10,45,55
2115,2011-04-02,2,0,4,23,0,6,0,1,0.32,0.3182,0.61,0.1642,20,33,53
2130,2011-04-03,2,0,4,14,0,0,0,1,0.46,0.4545,0.31,0.1343,240,109,349
2145,2011-04-04,2,0,4,5,0,1,1,1,0.4,0.4091,0.62,0.2537,0,7,7
2160,2011-04-04,2,0,4,20,0,1,1,2,0.7,0.6364,0.24,0.5522,40,133,173
2175,2011-04-05,2,0,4,11,0,2,1,3,0.32,0.2879,0.81,0.4478,1,18,19
2190,2011-04-06,2,0,4,2,0,3,1,1,0.24,0.2424,0.7,0.1343,0,5,5
2205,2011-04-06,2,0,4,17,0,3,1,1,0.52,0.5,0.32,0.4478,53,303,356
2220,2011-04-07,2,0,4,8,0,4,1,1,0.36,0.3485,0.76,0.194,23,291,314
2235,2011-04-07,2,0,4,23,0,4,1,1,0.38,0.3939,0.76,0.2537,9,45,54
2250,2011-04-08,2,0,4,14,0,5,1,3,0.34,0.3182,0.87,0.2239,2,13,15
2265,2011-04-09,2,0,4,5,0,6,0,2,0.3,0.2879,0.93,0.2239,0,5,5
2280,2011-04-09,2,0,4,20,0,6,0,2,0.38,0.3939,0.87,0.1642,19,74,93
2295,2011-04-10,2,0,4,11,0,0,0,2,0.4,0.4091,0.87,0.1343,93,109,202
2310,2011-04-11,2,0,4,2,0,1,1,1,0.46,0.4545,0.94,0.2836,7,2,9
2325,2011-04-11,2,0,4,18,0,1,1,1,0.72,0.6667,0.51,0.3881,93,290,383
2340,2011-04-12,2,0,4,9,0,2,1,3,0.46,0.4545,0.94,0.4925,4,50,54
2355,2011-04-13,2,0,4,0,0,3,1,2,0.4,0.4091,1,0.2985,3,12,15
2370,2011-04-13,2,0,4,15,0,3,1,2,0.44,0.4394,0.72,0.2836,12,69,81
2385,2011-04-14,2,0,4,6,0,4,1,1,0.34,0.3485,0.76,0.1045,4,66,70
2400,2011-04-14,2,0,4,21,0,4,1,1,0.46,0.4545,0.63,0.1343,19,126,145
2415,2011-04-15,2,0,4,12,1,5,0,1,0.52,0.5,0.55,0.2836,45,155,200
2430,2011-04-16,2,0,4,3,0,6,0,2,0.36,0.3485,0.87,0.1642,5,9,14
2445,2011-04-16,2,0,4,18,0,6,0,2,0.5,0.4848,0.94,0.3881,6,32,38
2460,2011-04-17,2,0,4,9,0,0,0,1,0.4,0.4091,0.43,0.2836,31,71,102
2475,2011-04-18,2,0,4,0,0,1,1,1,0.46,0.4545,0.47,0.0896,15,24,39
2490,2011-04-18,2,0,4,15,0,1,1,2,0.6,0.6212,0.43,0.194,64,112,176
2505,2011-04-19,2,0,4,6,0,2,1,2,0.48,0.4697,0.67,0,2,63,65
2520,2011-04-19,2,0,4,21,0,2,1,2,0.5,0.4848,0.72,0.1343,8,114,122
2535,2011-04-20,2,0,4,12,0,3,1,1,0.7,0.6515,0.48,0.3881,28,117,145
2550,2011-04-21,2,0,4,3,0,4,1,2,0.46,0.4545,0.51,0.4627,4,3,7
2565,2011-04-21,2,0,4,18,0,4,1,1,0.5,0.4848,0.25,0.2836,71,381,452
2580,2011-04-22,2,0,4,9,0,5,1,3,0.34,0.303,0.61,0.2985,17,178,195
2595,2011-04-23,2,0,4,0,0,6,0,2,0.32,0.3182,1,0.194,0,18,18
2610,2011-04-23,2,0,4,15,0,6,0,1,0.6,0.5909,0.73,0.3881,171,226,397
2625,2011-04-24,2,0,4,6,0,0,0,2,0.5,0.4848,1,0,10,3,13
2640,2011-04-24,2,0,4,21,0,0,0,3,0.54,0.5152,0.94,0.1642,8,53,61
2655,2011-04-25,2,0,4,12,0,1,1,1,0.66,0.6212,0.74,0.2537,48,140,188
2670,2011-04-26,2,0,4,3,0,2,1,1,0.54,0.5152,0.88,0.2836,17,4,21
2685,2011-04-26,2,0,4,18,0,2,1,1,0.68,0.6364,0.65,0.4478,65,463,528
2700,2011-04-27,2,0,4,9,0,3,1,2,0.6,0.5455,0.88,0.4179,20,161,181
2715,2011-04-28,2,0,4,0,0,4,1,1,0.64,0.5909,0.78,0.3582,13,41,54
2730,2011-04-28,2,0,4,15,0,4,1,1,0.66,0.6212,0.69,0.3284,46,117,163
2745,2011-04-29,2,0,4,6,0,5,1,1,0.5,0.4848,0.45,0.2836,4,67,71
2760,2011-04-29,2,0,4,21,0,5,1,1,0.46,0.4545,0.51,0.194,50,145,195
2775,2011-04-30,2,0,4,12,0,6,0,1,0.52,0.5,0.42,0.3881,178,238,416
2790,2011-05-01,2,0,5,3,0,0,0,1,0.4,0.4091,0.82,0.1045,8,15,23
2805,2011-05-01,2,0,5,18,0,0,0,2,0.46,0.4545,0.82,0.0896,33,126,159
2820,2011-05-02,2,0,5,9,0,1,1,2,0.5,0.4848,0.77,0.2836,41,131,172
2835,2011-05-03,2,0,5,0,0,2,1,2,0.56,0.5303,0.83,0.2239,0,16,16
2850,2011-05-03,2,0,5,15,0,2,1,2,0.7,0.6515,0.58,0.4478,37,117,154
2865,2011-05-04,2,0,5,6,0,3,1,3,0.34,0.303,0.93,0.3881,0,21,21
2880,2011-05-04,2,0,5,21,0,3,1,1,0.4,0.4091,0.62,0.1642,17,133,150
2895,2011-05-05,2,0,5,12,0,4,1,1,0.52,0.5,0.34,0.3582,27,169,196
2910,2011-05-06,2,0,5,3,0,5,1,1,0.36,0.3636,0.71,0.1045,3,6,9
2925,2011-05-06,2,0,5,18,0,5,1,3,0.54,0.5152,0.52,0.3582,85,385,470
2940,2011-05-07,2,0,5,9,0,6,0,1,0.54,0.5152,0.49,0.2836,54,164,218
2955,2011-05-08,2,0,5,0,0,0,0,2,0.5,0.4848,0.59,0.1045,22,78,100
2970,2011-05-08,2,0,5,15,0,0,0,1,0.6,0.6212,0.49,0,128,230,358
2985,2011-05-09,2,0,5,6,0,1,1,1,0.44,0.4394,0.72,0.2537,2,87,89
3000,2011-05-09,2,0,5,21,0,1,1,1,0.52,0.5,0.59,0.1343,28,128,156
3015,2011-05-10,2,0,5,12,0,2,1,2,0.6,0.6212,0.38,0,47,170,217
3030,2011-05-11,2,0,5,3,0,3,1,1,0.5,0.4848,0.63,0.2239,0,3,3
3045,2011-05-11,2,0,5,18,0,3,1,1,0.62,0.6212,0.5,0.2985,40,234,274
3060,2011-05-12,2,0,5,9,0,4,1,2,0.5,0.4848,0.77,0.2836,21,191,212
3075,2011-05-13,2,0,5,0,0,5,1,2,0.52,0.5,0.83,0.1642,6,46,52
3090,2011-05-13,2,0,5,15,0,5,1,2,0.52,0.5,0.88,0.1642,56,142,198
3105,2011-05-14,2,0,5,6,0,6,0,2,0.5,0.4848,0.88,0.1045,2,9,11
3120,2011-05-14,2,0,5,21,0,6,0,3,0.54,0.5152,0.94,0.2239,15,44,59
3135,2011-05-15,2,0,5,12,0,0,0,1,0.62,0.5909,0.73,0.2985,120,247,367
3150,2011-05-16,2,0,5,3,0,1,1,1,0.5,0.4848,0.94,0.1642,1,3,4
3165,2011-05-16,2,0,5,18,0,1,1,3,0.58,0.5455,0.83,0.194,55,398,453
3180,2011-05-17,2,0,5,9,0,2,1,2,0.54,0.5152,0.88,0.2537,17,190,207
3195,2011-05-18,2,0,5,0,0,3,1,2,0.54,0.5152,0.88,0.2239,8,15,23
3210,2011-05-18,2,0,5,15,0,3,1,1,0.6,0.5758,0.78,0.2537,34,133,167
3225,2011-05-19,2,0,5,6,0,4,1,2,0.5,0.4848,0.94,0,17,86,103
3240,2011-05-19,2,0,5,21,0,4,1,1,0.54,0.5152,0.77,0.2836,29,180,209
3255,2011-05-20,2,0,5,12,0,5,1,2,0.6,0.6212,0.56,0.2537,69,186,255
3270,2011-05-21,2,0,5,3,0,6,0,1,0.48,0.4697,0.82,0.1045,7,12,19
3285,2011-05-21,2,0,5,18,0,6,0,2,0.7,0.6364,0.45,0.1642,191,253,444
3300,2011-05-22,2,0,5,9,0,0,0,1,0.62,0.6061,0.69,0.1045,59,130,189
3315,2011-05-23,2,0,5,0,0,1,1,2,0.56,0.5303,0.88,0.1343,23,18,41
3330,2011-05-23,2,0,5,15,0,1,1,2,0.72,0.6818,0.62,0.4478,57,119,176
3345,2011-05-24,2,0,5,6,0,2,1,2,0.58,0.5455,0.94,0.194,10,102,112
3360,2011-05-24,2,0,5,21,0,2,1,1,0.64,0.5909,0.78,0.0896,21,168,189
3375,2011-05-25,2,0,5,12,0,3,1,1,0.74,0.6818,0.55,0.1343,32,178,210
3390,2011-05-26,2,0,5,3,0,4,1,1,0.6,0.5455,0.88,0.0896,0,4,4
3405,2011-05-26,2,0,5,18,0,4,1,1,0.8,0.7273,0.46,0.3284,74,404,478
3420,2011-05-27,2,0,5,9,0,5,1,1,0.7,0.6515,0.65,0.2836,37,190,227
3435,2011-05-28,2,0,5,0,0,6,0,1,0.58,0.5455,0.88,0.1343,15,79,94
3450,2011-05-28,2,0,5,15,0,6,0,1,0.74,0.6818,0.55,0.2239,187,187,374
3465,2011-05-29,2,0,5,6,0,0,0,2,0.62,0.5606,0.88,0.194,5,10,15
3480,2011-05-29,2,0,5,21,0,0,0,1,0.68,0.6364,0.83,0.1642,107,122,229
3495,2011-05-30,2,0,5,12,1,1,0,1,0.86,0.803,0.47,0.1045,179,187,366
3510,2011-05-31,2,0,5,3,0,2,1,2,0.64,0.5606,0.94,0,1,3,4
3525,2011-05-31,2,0,5,18,0,2,1,1,0.84,0.803,0.53,0.194,55,362,417
3540,2011-06-01,2,0,6,9,0,3,1,2,0.74,0.7121,0.74,0.2239,34,173,207
3555,2011-06-02,2,0,6,0,0,4,1,1,0.74,0.6515,0.4,0.3582,11,31,42
3570,2011-06-02,2,0,6,15,0,4,1,1,0.8,0.6818,0.21,0.3881,44,144,188
3585,2011-06-03,2,0,6,6,0,5,1,1,0.54,0.5152,0.45,0.2985,8,98,106
3600,2011-06-03,2,0,6,21,0,5,1,1,0.64,0.6212,0.29,0.1045,51,196,247
3615,2011-06-04,2,0,6,12,0,6,0,1,0.7,0.6364,0.32,0.1642,150,270,420
3630,2011-06-05,2,0,6,3,0,0,0,2,0.62,0.6061,0.65,0.1642,22,25,47
3645,2011-06-05,2,0,6,18,0,0,0,1,0.7,0.6515,0.58,0.1045,124,239,363
3660,2011-06-06,2,0,6,9,0,1,1,1,0.7,0.6515,0.58,0.1642,26,162,188
3675,2011-06-07,2,0,6,0,0,2,1,1,0.64,0.6061,0.65,0.0896,5,15,20
3690,2011-06-07,2,0,6,15,0,2,1,2,0.82,0.7424,0.41,0.3284,56,127,183
3705,2011-06-08,2,0,6,6,0,3,1,1,0.64,0.5758,0.89,0.1343,13,103,116
3720,2011-06-08,2,0,6,21,0,3,1,1,0.8,0.803,0.66,0.1343,34,168,202
3735,2011-06-09,2,0,6,12,0,4,1,1,0.92,0.8485,0.35,0.194,40,100,140
3750,2011-06-10,2,0,6,3,0,5,1,1,0.68,0.6364,0.69,0.1642,3,3,6
3765,2011-06-10,2,0,6,18,0,5,1,1,0.8,0.7727,0.59,0.2239,96,367,463
3780,2011-06-11,2,0,6,9,0,6,0,1,0.74,0.6818,0.62,0.1343,59,171,230
3795,2011-06-12,2,0,6,0,0,0,0,1,0.66,0.6061,0.78,0.2239,19,100,119
3810,2011-06-12,2,0,6,15,0,0,0,1,0.8,0.7727,0.59,0.2985,142,218,360
3825,2011-06-13,2,0,6,6,0,1,1,1,0.54,0.5152,0.64,0.4179,7,98,105
3840,2011-06-13,2,0,6,21,0,1,1,1,0.64,0.6212,0.41,0.2537,40,178,218
3855,2011-06-14,2,0,6,12,0,2,1,1,0.64,0.6212,0.41,0.3582,30,139,169
3870,2011-06-15,2,0,6,3,0,3,1,1,0.5,0.4848,0.68,0.2537,0,1,1
3885,2011-06-15,2,0,6,18,0,3,1,1,0.72,0.6515,0.32,0.1343,80,527,607
3900,2011-06-16,2,0,6,9,0,4,1,2,0.62,0.6061,0.65,0.194,29,232,261
3915,2011-06-17,2,0,6,0,0,5,1,1,0.56,0.5303,0.88,0.0896,3,21,24
3930,2011-06-17,2,0,6,15,0,5,1,1,0.78,0.697,0.43,0.2239,62,181,243
3945,2011-06-18,2,0,6,6,0,6,0,1,0.62,0.5758,0.83,0.1045,9,18,27
3960,2011-06-18,2,0,6,21,0,6,0,2,0.72,0.6818,0.66,0.1045,58,125,183
3975,2011-06-19,2,0,6,12,0,0,0,2,0.74,0.6818,0.55,0.0896,141,255,396
3990,2011-06-20,2,0,6,3,0,1,1,3,0.64,0.5758,0.89,0,1,0,1
4005,2011-06-20,2,0,6,18,0,1,1,1,0.7,0.6515,0.61,0.2537,64,474,538
4020,2011-06-21,3,0,6,9,0,2,1,2,0.62,0.5606,0.88,0.2537,32,243,275
4035,2011-06-22,3,0,6,0,0,3,1,1,0.66,0.6061,0.78,0.194,15,18,33
4050,2011-06-22,3,0,6,15,0,3,1,2,0.82,0.7879,0.56,0.2836,32,114,146
4065,2011-06-23,3,0,6,6,0,4,1,1,0.72,0.697,0.74,0.1642,8,92,100
4080,2011-06-23,3,0,6,21,0,4,1,1,0.7,0.6667,0.74,0.194,46,188,234
4095,2011-06-24,3,0,6,12,0,5,1,1,0.8,0.7121,0.41,0.2836,51,150,201
4110,2011-06-25,3,0,6,3,0,6,0,1,0.64,0.6212,0.57,0.194,18,21,39
4125,2011-06-25,3,0,6,18,0,6,0,1,0.72,0.6515,0.45,0.2537,108,199,307
4140,2011-06-26,3,0,6,9,0,0,0,1,0.66,0.6212,0.54,0.0896,75,131,206
4155,2011-06-27,3,0,6,0,0,1,1,3,0.64,0.6061,0.73,0.2836,7,25,32
4170,2011-06-27,3,0,6,15,0,1,1,2,0.74,0.6818,0.55,0,76,126,202
4185,2011-06-28,3,0,6,6,0,2,1,1,0.66,0.6061,0.83,0.1642,7,117,124
4200,2011-06-28,3,0,6,21,0,2,1,1,0.74,0.697,0.66,0.2836,31,164,195
4215,2011-06-29,3,0,6,12,0,3,1,1,0.76,0.6667,0.35,0.2537,55,188,243
4230,2011-06-30,3,0,6,3,0,4,1,1,0.6,0.6061,0.6,0.1642,2,7,9
4245,2011-06-30,3,0,6,18,0,4,1,1,0.76,0.6667,0.29,0.2537,114,472,586
4260,2011-07-01,3,0,7,9,0,5,1,1,0.74,0.6515,0.35,0.1642,58,202,260
4275,2011-07-02,3,0,7,0,0,6,0,1,0.68,0.6364,0.47,0.0896,31,84,115
4290,2011-07-02,3,0,7,15,0,6,0,1,0.86,0.7273,0.19,0.1642,168,163,331
4305,2011-07-03,3,0,7,6,0,0,0,2,0.62,0.5455,0.94,0.0896,0,3,3
4320,2011-07-03,3,0,7,21,0,0,0,2,0.66,0.6061,0.83,0.1642,75,92,167
4335,2011-07-04,3,0,7,12,1,1,0,2,0.78,0.7121,0.52,0,237,210,447
4350,2011-07-05,3,0,7,3,0,2,1,1,0.66,0.6212,0.74,0.2239,1,7,8
4365,2011-07-05,3,0,7,18,0,2,1,1,0.8,0.7576,0.55,0.1642,70,426,496
4380,2011-07-06,3,0,7,9,0,3,1,3,0.7,0.6667,0.79,0.194,31,158,189
4395,2011-07-07,3,0,7,0,0,4,1,1,0.66,0.5909,0.89,0.1343,6,29,35
4410,2011-07-07,3,0,7,15,0,4,1,1,0.86,0.7879,0.41,0.2537,47,119,166
4425,2011-07-08,3,0,7,6,0,5,1,1,0.7,0.6667,0.74,0.1045,11,91,102
4440,2011-07-08,3,0,7,21,0,5,1,2,0.66,0.6061,0.83,0.2537,46,158,204
4455,2011-07-09,3,0,7,12,0,6,0,1,0.8,0.7273,0.46,0.2537,145,221,366
4470,2011-07-10,3,0,7,3,0,0,0,1,0.66,0.6212,0.74,0.0896,6,19,25
4485,2011-07-10,3,0,7,18,0,0,0,1,0.82,0.7424,0.43,0.2836,141,222,363
4500,2011-07-11,3,0,7,9,0,1,1,1,0.78,0.7424,0.59,0.2985,41,167,208
4515,2011-07-12,3,0,7,0,0,2,1,1,0.7,0.6667,0.79,0.1343,3,19,22
4530,2011-07-12,3,0,7,15,0,2,1,1,0.9,0.8485,0.42,0.3582,37,111,148
4545,2011-07-13,3,0,7,6,0,3,1,1,0.74,0.6818,0.58,0.1642,18,103,121
4560,2011-07-13,3,0,7,21,0,3,1,1,0.7,0.6667,0.79,0.1045,56,194,250
4575,2011-07-14,3,0,7,12,0,4,1,1,0.74,0.6515,0.35,0.2537,51,172,223
4590,2011-07-15,3,0,7,3,0,5,1,1,0.6,0.5909,0.73,0.194,1,6,7
4605,2011-07-15,3,0,7,18,0,5,1,1,0.72,0.6515,0.45,0.2239,102,394,496
4620,2011-07-16,3,0,7,9,0,6,0,1,0.7,0.6515,0.54,0.2239,72,150,222
4635,2011-07-17,3,0,7,0,0,0,0,1,0.66,0.6212,0.65,0.2239,34,91,125
4650,2011-07-17,3,0,7,15,0,0,0,1,0.82,0.7424,0.43,0.2985,129,195,324
4665,2011-07-18,3,0,7,6,0,1,1,1,0.64,0.5758,0.83,0.1045,10,95,105
4680,2011-07-18,3,0,7,21,0,1,1,1,0.74,0.697,0.66,0.194,48,154,202
4695,2011-07-19,3,0,7,12,0,2,1,1,0.84,0.8182,0.56,0.0896,26,127,153
4710,2011-07-20,3,0,7,3,0,3,1,1,0.7,0.6667,0.84,0.1045,2,4,6
4725,2011-07-20,3,0,7,18,0,3,1,1,0.84,0.8333,0.59,0.2239,68,429,497
4740,2011-07-21,3,0,7,9,0,4,1,2,0.8,0.8182,0.75,0.2537,34,166,200
4755,2011-07-22,3,0,7,0,0,5,1,1,0.82,0.8333,0.63,0.1343,9,51,60
4770,2011-07-22,3,0,7,15,0,5,1,1,0.94,0.9848,0.51,0.2985,32,101,133
4785,2011-07-23,3,0,7,6,0,6,0,1,0.8,0.7424,0.52,0.1343,6,19,25
4800,2011-07-23,3,0,7,21,0,6,0,1,0.82,0.803,0.59,0.2239,39,115,154
4815,2011-07-24,3,0,7,12,0,0,0,1,0.9,0.8636,0.45,0.1642,85,161,246
4830,2011-07-25,3,0,7,3,0,1,1,1,0.74,0.7121,0.79,0,2,2,4
4845,2011-07-25,3,0,7,18,0,1,1,1,0.74,0.7121,0.74,0.0896,60,473,533
4860,2011-07-26,3,0,7,9,0,2,1,1,0.76,0.6818,0.4,0.2239,25,162,187
4875,2011-07-27,3,0,7,0,0,3,1,2,0.78,0.7121,0.52,0.1642,19,26,45
4890,2011-07-27,3,0,7,15,0,3,1,1,0.86,0.7424,0.26,0.2537,37,103,140
4905,2011-07-28,3,0,7,6,0,4,1,1,0.7,0.6515,0.7,0.0896,6,110,116
4920,2011-07-28,3,0,7,21,0,4,1,1,0.78,0.7576,0.66,0.2836,31,165,196
4935,2011-07-29,3,0,7,12,0,5,1,1,0.96,0.8636,0.31,0.2836,40,95,135
4950,2011-07-30,3,0,7,3,0,6,0,1,0.74,0.6818,0.62,0.1642,18,25,43
4965,2011-07-30,3,0,7,18,0,6,0,1,0.88,0.7576,0.28,0.194,92,207,299
4980,2011-07-31,3,0,7,9,0,0,0,1,0.8,0.7424,0.49,0,55,128,183
4995,2011-08-01,3,0,8,0,0,1,1,1,0.72,0.6818,0.7,0.2239,7,22,29
5010,2011-08-01,3,0,8,15,0,1,1,1,0.9,0.7879,0.27,0,52,77,129
5025,2011-08-02,3,0,8,6,0,2,1,1,0.68,0.6364,0.69,0.1045,12,105,117
5040,2011-08-02,3,0,8,21,0,2,1,1,0.8,0.7424,0.52,0.2239,53,201,254
5055,2011-08-03,3,0,8,12,0,3,1,3,0.76,0.697,0.55,0.1343,19,142,161
5070,2011-08-04,3,0,8,3,0,4,1,3,0.66,0.5909,0.94,0.0896,0,3,3
5085,2011-08-04,3,0,8,18,0,4,1,1,0.7,0.6667,0.74,0.2985,88,435,523
5100,2011-08-05,3,0,8,9,0,5,1,1,0.72,0.6667,0.58,0.1045,43,183,226
5115,2011-08-06,3,0,8,0,0,6,0,1,0.66,0.6061,0.78,0.194,29,104,133
5130,2011-08-06,3,0,8,15,0,6,0,2,0.84,0.803,0.53,0.2537,130,232,362
5145,2011-08-07,3,0,8,6,0,0,0,1,0.7,0.6667,0.89,0.1642,3,10,13
5160,2011-08-07,3,0,8,21,0,0,0,1,0.72,0.7121,0.84,0.1045,36,100,136
5175,2011-08-08,3,0,8,12,0,1,1,1,0.82,0.7576,0.46,0.2537,48,134,182
5190,2011-08-09,3,0,8,3,0,2,1,1,0.72,0.6818,0.62,0,0,3,3
5205,2011-08-09,3,0,8,18,0,2,1,1,0.8,0.7576,0.55,0.194,97,488,585
5220,2011-08-10,3,0,8,9,0,3,1,1,0.76,0.6818,0.48,0.2239,32,148,180
5235,2011-08-11,3,0,8,0,0,4,1,1,0.7,0.6364,0.45,0.1045,6,40,46
5250,2011-08-11,3,0,8,15,0,4,1,1,0.8,0.697,0.29,0.2985,52,126,178
5265,2011-08-12,3,0,8,6,0,5,1,1,0.62,0.6212,0.5,0.1343,3,73,76
5280,2011-08-12,3,0,8,21,0,5,1,1,0.7,0.6515,0.48,0.1343,73,153,226
5295,2011-08-13,3,0,8,12,0,6,0,2,0.66,0.5909,0.89,0.1642,175,246,421
5310,2011-08-14,3,0,8,3,0,0,0,2,0.64,0.5606,0.94,0.2537,5,22,27
5325,2011-08-14,3,0,8,18,0,0,0,1,0.74,0.697,0.66,0.1642,125,222,347
5340,2011-08-15,3,0,8,9,0,1,1,1,0.64,0.5909,0.78,0.3284,52,170,222
5355,2011-08-16,3,0,8,0,0,2,1,1,0.64,0.6061,0.69,0.1045,8,23,31
5370,2011-08-16,3,0,8,15,0,2,1,1,0.8,0.7121,0.41,0.2985,36,123,159
5385,2011-08-17,3,0,8,6,0,3,1,1,0.62,0.5909,0.78,0,4,101,105
5400,2011-08-17,3,0,8,21,0,3,1,1,0.72,0.6818,0.62,0.2239,38,192,230
5415,2011-08-18,3,0,8,12,0,4,1,1,0.8,0.7424,0.52,0.2836,34,139,173
5430,2011-08-19,3,0,8,3,0,5,1,1,0.64,0.5909,0.78,0,2,1,3
5445,2011-08-19,3,0,8,18,0,5,1,1,0.76,0.7121,0.58,0.5224,88,337,425
5460,2011-08-20,3,0,8,9,0,6,0,1,0.7,0.6515,0.65,0,51,139,190
5475,2011-08-21,3,0,8,0,0,0,0,1,0.7,0.6667,0.74,0.194,6,68,74
5490,2011-08-21,3,0,8,15,0,0,0,1,0.7,0.6667,0.84,0.2836,17,51,68
5505,2011-08-22,3,0,8,6,0,1,1,1,0.66,0.6212,0.61,0.2985,6,106,112
5520,2011-08-22,3,0,8,21,0,1,1,1,0.64,0.6212,0.38,0.194,28,180,208
5535,2011-08-23,3,0,8,12,0,2,1,1,0.7,0.6364,0.39,0.0896,60,177,237
5550,2011-08-24,3,0,8,3,0,3,1,1,0.58,0.5455,0.68,0.1343,0,1,1
5565,2011-08-24,3,0,8,18,0,3,1,1,0.74,0.6818,0.55,0.2985,102,519,621
5580,2011-08-25,3,0,8,9,0,4,1,2,0.72,0.6818,0.7,0.2985,21,141,162
5595,2011-08-26,3,0,8,0,0,5,1,1,0.62,0.5758,0.83,0.1343,9,42,51
5610,2011-08-26,3,0,8,15,0,5,1,2,0.8,0.7727,0.59,0.194,53,196,249
5625,2011-08-27,3,0,8,6,0,6,0,2,0.7,0.6667,0.84,0.2985,3,15,18
5640,2011-08-28,3,0,8,10,0,0,0,1,0.7,0.6515,0.61,0.6119,27,115,142
5655,2011-08-29,3,0,8,1,0,1,1,1,0.6,0.5909,0.69,0.1045,5,15,20
5670,2011-08-29,3,0,8,16,0,1,1,1,0.72,0.6515,0.42,0.1642,56,226,282
5685,2011-08-30,3,0,8,7,0,2,1,1,0.56,0.5303,0.68,0.1343,19,338,357
5700,2011-08-30,3,0,8,22,0,2,1,1,0.62,0.6061,0.61,0,22,121,143
5715,2011-08-31,3,0,8,13,0,3,1,1,0.74,0.6515,0.37,0.1045,39,182,221
5730,2011-09-01,3,0,9,4,0,4,1,1,0.56,0.5303,0.83,0.0896,0,7,7
5745,2011-09-01,3,0,9,19,0,4,1,1,0.7,0.6515,0.58,0.1642,79,364,443
5760,2011-09-02,3,0,9,10,0,5,1,2,0.64,0.6061,0.76,0.1642,34,106,140
5775,2011-09-03,3,0,9,1,0,6,0,2,0.64,0.6061,0.69,0.2537,17,57,74
5790,2011-09-03,3,0,9,16,0,6,0,1,0.72,0.6818,0.7,0.194,186,188,374
5805,2011-09-04,3,0,9,7,0,0,0,1,0.66,0.6061,0.78,0.194,10,20,30
5820,2011-09-04,3,0,9,22,0,0,0,2,0.72,0.697,0.74,0.2836,70,85,155
5835,2011-09-05,3,0,9,13,1,1,0,2,0.74,0.697,0.7,0.1343,154,235,389
5850,2011-09-06,3,0,9,5,0,2,1,3,0.54,0.5152,0.88,0.3582,1,20,21
5865,2011-09-06,3,0,9,20,0,2,1,3,0.54,0.5152,0.88,0.2985,13,150,163
5880,2011-09-07,3,0,9,11,0,3,1,3,0.6,0.5152,0.94,0,1,9,10
5895,2011-09-08,3,0,9,3,0,4,1,3,0.62,0.5455,0.94,0,0,2,2
5910,2011-09-08,3,0,9,18,0,4,1,3,0.64,0.5606,0.94,0.3582,2,66,68
5925,2011-09-09,3,0,9,9,0,5,1,3,0.62,0.5455,0.94,0.1642,5,131,136
5940,2011-09-10,3,0,9,0,0,6,0,1,0.62,0.5455,0.94,0,32,84,116
5955,2011-09-10,3,0,9,15,0,6,0,1,0.74,0.6818,0.55,0.2239,217,263,480
5970,2011-09-11,3,0,9,6,0,0,0,1,0.58,0.5455,0.88,0.1045,4,16,20
5985,2011-09-11,3,0,9,21,0,0,0,1,0.64,0.6061,0.69,0,45,114,159
6000,2011-09-12,3,0,9,13,0,1,1,1,0.72,0.6667,0.54,0.1045,43,120,163
6015,2011-09-13,3,0,9,4,0,2,1,1,0.56,0.5303,0.88,0,2,6,8
6030,2011-09-13,3,0,9,19,0,2,1,1,0.68,0.6364,0.69,0.1642,55,341,396
6045,2011-09-14,3,0,9,10,0,3,1,1,0.7,0.6515,0.7,0.1343,27,115,142
6060,2011-09-15,3,0,9,1,0,4,1,1,0.64,0.6061,0.69,0.1642,0,20,20
6075,2011-09-15,3,0,9,16,0,4,1,2,0.54,0.5152,0.77,0.4627,29,193,222
6090,2011-09-16,3,0,9,7,0,5,1,1,0.4,0.4091,0.71,0.2836,16,283,299
6105,2011-09-16,3,0,9,22,0,5,1,1,0.48,0.4697,0.67,0.0896,32,135,167
6120,2011-09-17,3,0,9,13,0,6,0,2,0.52,0.5,0.68,0.194,124,225,349
6135,2011-09-18,3,0,9,4,0,0,0,1,0.44,0.4394,0.77,0.2239,1,0,1
6150,2011-09-18,3,0,9,19,0,0,0,2,0.54,0.5152,0.68,0.1045,54,191,245
6165,2011-09-19,3,0,9,10,0,1,1,2,0.56,0.5303,0.64,0.1343,21,84,105
6180,2011-09-20,3,0,9,1,0,2,1,2,0.54,0.5152,0.88,0.1642,3,11,14
6195,2011-09-20,3,0,9,16,0,2,1,2,0.6,0.5606,0.83,0.1642,23,241,264
6210,2011-09-21,3,0,9,7,0,3,1,2,0.54,0.5152,1,0.194,18,312,330
6225,2011-09-21,3,0,9,22,0,3,1,2,0.62,0.5455,0.94,0,15,112,127
6240,2011-09-22,3,0,9,13,0,4,1,2,0.66,0.6061,0.83,0.194,38,155,193
6255,2011-09-23,4,0,9,4,0,5,1,3,0.6,0.5,1,0,6,7,13
6270,2011-09-23,4,0,9,19,0,5,1,1,0.62,0.5455,0.94,0.1343,16,232,248
6285,2011-09-24,4,0,9,10,0,6,0,2,0.6,0.5455,0.88,0.0896,90,203,293
6300,2011-09-25,4,0,9,1,0,0,0,2,0.6,0.5455,0.88,0.1045,31,93,124
6315,2011-09-25,4,0,9,16,0,0,0,1,0.7,0.6515,0.7,0,144,320,464
6330,2011-09-26,4,0,9,7,0,1,1,2,0.62,0.5455,0.94,0,17,315,332
6345,2011-09-26,4,0,9,22,0,1,1,1,0.62,0.5455,0.94,0.1343,14,122,136
6360,2011-09-27,4,0,9,13,0,2,1,2,0.7,0.6667,0.74,0.2239,29,122,151
6375,2011-09-28,4,0,9,4,0,3,1,1,0.6,0.5455,0.88,0,1,3,4
6390,2011-09-28,4,0,9,19,0,3,1,3,0.66,0.6061,0.83,0.2537,57,315,372
6405,2011-09-29,4,0,9,10,0,4,1,1,0.64,0.6061,0.65,0.194,24,103,127
6420,2011-09-30,4,0,9,1,0,5,1,1,0.52,0.5,0.77,0.0896,5,18,23
6435,2011-09-30,4,0,9,16,0,5,1,1,0.62,0.6212,0.53,0.2239,62,298,360
6450,2011-10-01,4,0,10,7,0,6,0,3,0.42,0.4242,0.67,0.2537,6,30,36
6465,2011-10-01,4,0,10,22,0,6,0,2,0.36,0.3485,0.93,0.2239,12,58,70
6480,2011-10-02,4,0,10,13,0,0,0,3,0.4,0.4091,0.62,0.2239,84,224,308
6495,2011-10-03,4,0,10,4,0,1,1,1,0.34,0.3485,0.87,0.1045,2,6,8
6510,2011-10-03,4,0,10,19,0,1,1,1,0.4,0.4091,0.76,0,15,300,315
6525,2011-10-04,4,0,10,10,0,2,1,1,0.48,0.4697,0.67,0.2836,19,107,126
6540,2011-10-05,4,0,10,1,0,3,1,1,0.48,0.4697,0.77,0.1642,4,7,11
6555,2011-10-05,4,0,10,16,0,3,1,1,0.64,0.6212,0.47,0.3284,37,245,282
6570,2011-10-06,4,0,10,7,0,4,1,1,0.42,0.4242,0.62,0.194,15,287,302
6585,2011-10-06,4,0,10,22,0,4,1,1,0.46,0.4545,0.82,0,24,124,148
6600,2011-10-07,4,0,10,13,0,5,1,1,0.6,0.6212,0.46,0,95,210,305
6615,2011-10-08,4,0,10,4,0,6,0,1,0.42,0.4242,0.94,0.1343,3,7,10
6630,2011-10-08,4,0,10,19,0,6,0,1,0.54,0.5152,0.68,0.1343,76,172,248
6645,2011-10-09,4,0,10,10,0,0,0,1,0.56,0.5303,0.68,0.0896,155,210,365
6660,2011-10-10,4,0,10,1,1,1,0,1,0.48,0.4697,0.88,0,4,30,34
6675,2011-10-10,4,0,10,16,1,1,0,2,0.7,0.6364,0.45,0.0896,154,248,402
6690,2011-10-11,4,0,10,7,0,2,1,2,0.52,0.5,0.88,0.0896,19,333,352
6705,2011-10-11,4,0,10,22,0,2,1,2,0.56,0.5303,0.83,0.194,27,120,147
6720,2011-10-12,4,0,10,13,0,3,1,3,0.54,0.5152,0.88,0.2239,25,76,101
6735,2011-10-13,4,0,10,4,0,4,1,2,0.54,0.5152,1,0.1045,2,5,7
6750,2011-10-13,4,0,10,19,0,4,1,2,0.62,0.5758,0.83,0.1642,18,187,205
6765,2011-10-14,4,0,10,10,0,5,1,3,0.54,0.5152,0.88,0.3582,17,108,125
6780,2011-10-15,4,0,10,1,0,6,0,1,0.46,0.4545,0.55,0.2537,9,64,73
6795,2011-10-15,4,0,10,16,0,6,0,1,0.62,0.6212,0.29,0.3881,179,264,443
6810,2011-10-16,4,0,10,7,0,0,0,1,0.4,0.4091,0.62,0.1343,9,39,48
6825,2011-10-16,4,0,10,22,0,0,0,1,0.56,0.5303,0.49,0.4179,42,88,130
6840,2011-10-17,4,0,10,13,0,1,1,1,0.56,0.5303,0.46,0.0896,49,156,205
6855,2011-10-18,4,0,10,4,0,2,1,2,0.44,0.4394,0.94,0.1045,0,4,4
6870,2011-10-18,4,0,10,19,0,2,1,1,0.56,0.5303,0.6,0.1045,31,286,317
6885,2011-10-19,4,0,10,11,0,3,1,3,0.52,0.5,0.94,0.2537,33,116,149
6900,2011-10-20,4,0,10,2,0,4,1,1,0.56,0.5303,0.88,0.4478,0,4,4
6915,2011-10-20,4,0,10,17,0,4,1,2,0.48,0.4697,0.48,0.3881,56,438,494
6930,2011-10-21,4,0,10,8,0,5,1,1,0.4,0.4091,0.62,0.194,16,386,402
6945,2011-10-21,4,0,10,23,0,5,1,1,0.4,0.4091,0.62,0.2239,18,99,117
6960,2011-10-22,4,0,10,14,0,6,0,2,0.48,0.4697,0.48,0.2239,133,177,310
6975,2011-10-23,4,0,10,5,0,0,0,1,0.32,0.3485,0.87,0,1,2,3
6990,2011-10-23,4,0,10,20,0,0,0,1,0.44,0.4394,0.72,0.0896,32,112,144
7005,2011-10-24,4,0,10,11,0,1,1,2,0.5,0.4848,0.72,0.1642,59,109,168
7020,2011-10-25,4,0,10,2,0,2,1,1,0.42,0.4242,0.82,0.1343,2,3,5
7035,2011-10-25,4,0,10,17,0,2,1,1,0.56,0.5303,0.37,0.1045,68,517,585
7050,2011-10-26,4,0,10,8,0,3,1,2,0.44,0.4394,0.67,0.194,26,438,464
7065,2011-10-26,4,0,10,23,0,3,1,2,0.48,0.4697,0.88,0.0896,3,72,75
7080,2011-10-27,4,0,10,14,0,4,1,2,0.52,0.5,0.83,0,16,76,92
7095,2011-10-28,4,0,10,5,0,5,1,2,0.3,0.2879,0.61,0.2537,0,25,25
7110,2011-10-28,4,0,10,20,0,5,1,3,0.34,0.3182,0.61,0.2239,12,131,143
7125,2011-10-29,4,0,10,11,0,6,0,3,0.26,0.2273,0.93,0.3881,1,26,27
7140,2011-10-30,4,0,10,2,0,0,0,1,0.22,0.2121,0.87,0.2836,7,43,50
7155,2011-10-30,4,0,10,17,0,0,0,1,0.4,0.4091,0.35,0.1045,54,191,245
7170,2011-10-31,4,0,10,8,0,1,1,2,0.28,0.3182,0.87,0,17,355,372
7185,2011-10-31,4,0,10,23,0,1,1,2,0.36,0.3485,0.76,0.194,6,46,52
7200,2011-11-01,4,0,11,14,0,2,1,1,0.5,0.4848,0.48,0.2537,32,118,150
7215,2011-11-02,4,0,11,5,0,3,1,1,0.3,0.3333,0.81,0,0,27,27
7230,2011-11-02,4,0,11,20,0,3,1,1,0.4,0.4091,0.66,0.1343,5,177,182
7245,2011-11-03,4,0,11,11,0,4,1,1,0.44,0.4394,0.67,0.194,12,108,120
7260,2011-11-04,4,0,11,2,0,5,1,2,0.4,0.4091,0.76,0,2,8,10
7275,2011-11-04,4,0,11,17,0,5,1,1,0.42,0.4242,0.38,0.3582,42,438,480
7290,2011-11-05,4,0,11,8,0,6,0,1,0.28,0.2576,0.56,0.3284,4,80,84
7305,2011-11-05,4,0,11,23,0,6,0,1,0.28,0.3182,0.7,0,4,81,85
7320,2011-11-06,4,0,11,14,0,0,0,1,0.46,0.4545,0.55,0.194,101,219,320
7335,2011-11-07,4,0,11,5,0,1,1,1,0.3,0.3333,0.93,0,1,25,26
7350,2011-11-07,4,0,11,20,0,1,1,1,0.4,0.4091,0.71,0,17,187,204
7365,2011-11-08,4,0,11,11,0,2,1,1,0.46,0.4545,0.63,0.1343,21,126,147
7380,2011-11-09,4,0,11,2,0,3,1,1,0.32,0.3485,0.93,0,0,5,5
7395,2011-11-09,4,0,11,17,0,3,1,1,0.46,0.4545,0.63,0.1045,27,458,485
7410,2011-11-10,4,0,11,8,0,4,1,2,0.4,0.4091,0.94,0.0896,18,418,436
7425,2011-11-10,4,0,11,23,0,4,1,2,0.34,0.3333,0.57,0.1642,9,73,82
7440,2011-11-11,4,0,11,14,1,5,0,1,0.38,0.3939,0.37,0.4627,64,183,247
7455,2011-11-12,4,0,11,5,0,6,0,1,0.22,0.2576,0.75,0.0896,1,3,4
7470,2011-11-12,4,0,11,20,0,6,0,1,0.42,0.4242,0.5,0.2836,31,101,132
7485,2011-11-13,4,0,11,11,0,0,0,1,0.46,0.4545,0.4,0.4179,108,187,295
7500,2011-11-14,4,0,11,2,0,1,1,1,0.46,0.4545,0.63,0.3582,7,10,17
7515,2011-11-14,4,0,11,17,0,1,1,1,0.62,0.6212,0.46,0.2537,55,464,519
7530,2011-11-15,4,0,11,8,0,2,1,2,0.54,0.5152,0.68,0.1045,27,453,480
7545,2011-11-15,4,0,11,23,0,2,1,2,0.46,0.4545,0.94,0.1045,14,66,80
7560,2011-11-16,4,0,11,14,0,3,1,2,0.46,0.4545,1,0.1343,12,49,61
7575,2011-11-17,4,0,11,5,0,4,1,3,0.34,0.303,0.71,0.3284,1,21,22
7590,2011-11-17,4,0,11,20,0,4,1,1,0.3,0.2879,0.42,0.2836,7,162,169
7605,2011-11-18,4,0,11,11,0,5,1,1,0.3,0.303,0.36,0.1343,18,122,140
7620,2011-11-19,4,0,11,2,0,6,0,1,0.24,0.2424,0.56,0.1642,12,34,46
7635,2011-11-19,4,0,11,17,0,6,0,1,0.4,0.4091,0.4,0.194,61,171,232
7650,2011-11-20,4,0,11,8,0,0,0,2,0.42,0.4242,0.71,0.2836,13,52,65
7665,2011-11-20,4,0,11,23,0,0,0,3,0.46,0.4545,0.88,0.0896,3,25,28
7680,2011-11-21,4,0,11,14,0,1,1,2,0.48,0.4697,0.82,0.194,14,121,135
7695,2011-11-22,4,0,11,5,0,2,1,3,0.38,0.3939,0.94,0.1642,1,17,18
7710,2011-11-22,4,0,11,20,0,2,1,2,0.46,0.4545,1,0.2239,6,121,127
7725,2011-11-23,4,0,11,11,0,3,1,2,0.5,0.4848,0.72,0.4179,9,107,116
7740,2011-11-24,4,0,11,2,1,4,0,1,0.3,0.2879,0.61,0.2836,3,19,22
7755,2011-11-24,4,0,11,17,1,4,0,1,0.48,0.4697,0.33,0.1045,34,40,74
7770,2011-11-25,4,0,11,8,0,5,1,1,0.26,0.2727,0.81,0.1343,6,68,74
7785,2011-11-25,4,0,11,23,0,5,1,1,0.34,0.3485,0.76,0.1045,5,28,33
7800,2011-11-26,4,0,11,14,0,6,0,2,0.48,0.4697,0.48,0.1343,141,158,299
7815,2011-11-27,4,0,11,5,0,0,0,1,0.36,0.3485,0.87,0.194,0,5,5
7830,2011-11-27,4,0,11,20,0,0,0,1,0.5,0.4848,0.63,0.2537,10,94,104
7845,2011-11-28,4,0,11,12,0,1,1,1,0.56,0.5303,0.6,0.1045,13,165,178
7860,2011-11-29,4,0,11,3,0,2,1,2,0.5,0.4848,0.88,0,0,2,2
7875,2011-11-29,4,0,11,18,0,2,1,2,0.4,0.4091,0.82,0.2985,11,347,358
7890,2011-11-30,4,0,11,9,0,3,1,1,0.3,0.2879,0.75,0.2836,7,186,193
7905,2011-12-01,4,0,12,0,0,4,1,1,0.28,0.2576,0.52,0.3284,1,19,20
7920,2011-12-01,4,0,12,15,0,4,1,1,0.4,0.4091,0.4,0.2239,10,144,154
7935,2011-12-02,4,0,12,6,0,5,1,1,0.22,0.2727,0.8,0,3,84,87
7950,2011-12-02,4,0,12,21,0,5,1,1,0.34,0.3333,0.49,0.194,9,102,111
7965,2011-12-03,4,0,12,12,0,6,0,1,0.36,0.3788,0.5,0,78,280,358
7980,2011-12-04,4,0,12,3,0,0,0,1,0.28,0.3182,0.75,0,7,34,41
7995,2011-12-04,4,0,12,18,0,0,0,1,0.38,0.3939,0.71,0,10,161,171
8010,2011-12-05,4,0,12,9,0,1,1,2,0.36,0.3636,0.87,0.0896,12,178,190
8025,2011-12-06,4,0,12,0,0,2,1,2,0.5,0.4848,0.77,0.2985,3,25,28
8040,2011-12-06,4,0,12,15,0,2,1,3,0.5,0.4848,1,0.194,2,43,45
8055,2011-12-07,4,0,12,6,0,3,1,3,0.48,0.4697,1,0.4179,0,18,18
8070,2011-12-07,4,0,12,21,0,3,1,3,0.3,0.2576,0.87,0.5224,0,6,6
8085,2011-12-08,4,0,12,12,0,4,1,1,0.28,0.2576,0.52,0.3284,8,148,156
8100,2011-12-09,4,0,12,3,0,5,1,1,0.22,0.2727,0.8,0,1,5,6
8115,2011-12-09,4,0,12,18,0,5,1,1,0.34,0.3636,0.61,0,10,308,318
8130,2011-12-10,4,0,12,9,0,6,0,1,0.28,0.2576,0.61,0.2836,15,134,149
8145,2011-12-11,4,0,12,0,0,0,0,1,0.2,0.197,0.51,0.2239,5,69,74
8160,2011-12-11,4,0,12,15,0,0,0,1,0.3,0.3333,0.26,0,47,219,266
8175,2011-12-12,4,0,12,6,0,1,1,1,0.16,0.1818,0.8,0.1045,1,63,64
8190,2011-12-12,4,0,12,21,0,1,1,1,0.26,0.303,0.81,0,2,119,121
8205,2011-12-13,4,0,12,12,0,2,1,1,0.36,0.3333,0.43,0.3582,20,147,167
8220,2011-12-14,4,0,12,3,0,3,1,1,0.28,0.3182,0.65,0,0,3,3
8235,2011-12-14,4,0,12,18,0,3,1,2,0.36,0.3485,0.62,0.1642,11,379,390
8250,2011-12-15,4,0,12,9,0,4,1,2,0.36,0.3333,0.62,0.2836,6,274,280
8265,2011-12-16,4,0,12,0,0,5,1,1,0.5,0.4848,0.72,0.3284,12,60,72
8280,2011-12-16,4,0,12,15,0,5,1,2,0.32,0.303,0.45,0.2985,12,141,153
8295,2011-12-17,4,0,12,6,0,6,0,2,0.26,0.2424,0.56,0.2836,0,17,17
8310,2011-12-17,4,0,12,21,0,6,0,1,0.2,0.2121,0.75,0.1642,8,88,96
8325,2011-12-18,4,0,12,12,0,0,0,1,0.26,0.2576,0.6,0.2239,26,202,228
8340,2011-12-19,4,0,12,3,0,1,1,1,0.16,0.197,0.86,0.0896,0,3,3
8355,2011-12-19,4,0,12,18,0,1,1,1,0.36,0.3485,0.5,0.194,11,343,354
8370,2011-12-20,4,0,12,9,0,2,1,2,0.36,0.3788,0.66,0,14,245,259
8385,2011-12-21,1,0,12,0,0,3,1,2,0.34,0.3333,0.71,0.1343,7,18,25
8400,2011-12-21,1,0,12,15,0,3,1,2,0.48,0.4697,0.88,0.3881,4,57,61
8415,2011-12-22,1,0,12,6,0,4,1,1,0.36,0.3788,0.87,0,1,63,64
8430,2011-12-22,1,0,12,21,0,4,1,3,0.42,0.4242,0.71,0,2,15,17
8445,2011-12-23,1,0,12,12,0,5,1,1,0.4,0.4091,0.54,0.5224,14,156,170
8460,2011-12-24,1,0,12,3,0,6,0,2,0.32,0.3333,0.7,0.0896,0,5,5
8475,2011-12-24,1,0,12,18,0,6,0,1,0.3,0.3182,0.42,0.0896,2,33,35
8490,2011-12-25,1,0,12,10,0,0,0,1,0.26,0.2424,0.81,0.2537,31,12,43
8505,2011-12-26,1,0,12,1,1,1,0,1,0.28,0.2727,0.56,0.194,3,7,10
8520,2011-12-26,1,0,12,17,1,1,0,1,0.34,0.3182,0.46,0.2239,30,67,97
8535,2011-12-27,1,0,12,8,0,2,1,2,0.3,0.303,0.65,0.1642,9,155,164
8550,2011-12-27,1,0,12,23,0,2,1,1,0.3,0.303,0.93,0.1343,2,24,26
8565,2011-12-28,1,0,12,15,0,3,1,1,0.32,0.2879,0.36,0.4179,16,101,117
8580,2011-12-29,1,0,12,6,0,4,1,1,0.2,0.2576,0.59,0,2,39,41
8595,2011-12-29,1,0,12,21,0,4,1,2,0.28,0.2879,0.61,0.1343,8,60,68
8610,2011-12-30,1,0,12,12,0,5,1,1,0.32,0.3333,0.57,0.1343,38,159,197
8625,2011-12-31,1,0,12,3,0,6,0,2,0.4,0.4091,0.62,0.2836,1,17,18
8640,2011-12-31,1,0,12,18,0,6,0,1,0.42,0.4242,0.54,0.1343,13,80,93
8655,2012-01-01,1,1,1,9,0,0,0,1,0.26,0.2727,0.93,0.1045,13,27,40
8670,2012-01-02,1,1,1,0,1,1,0,1,0.4,0.4091,0.4,0.4627,8,31,39
8685,2012-01-02,1,1,1,16,1,1,0,1,0.26,0.2273,0.35,0.4179,10,144,154
8700,2012-01-03,1,1,1,7,0,2,1,1,0.14,0.1212,0.59,0.2537,2,168,170
8715,2012-01-03,1,1,1,22,0,2,1,1,0.1,0.1061,0.46,0.2537,0,33,33
8730,2012-01-04,1,1,1,13,0,3,1,2,0.14,0.1212,0.43,0.2537,9,82,91
8745,2012-01-05,1,1,1,4,0,4,1,2,0.2,0.2273,0.59,0.0896,0,5,5
8760,2012-01-05,1,1,1,19,0,4,1,1,0.34,0.3485,0.34,0.0896,10,255,265
8775,2012-01-06,1,1,1,10,0,5,1,1,0.26,0.2576,0.65,0.194,14,102,116
8790,2012-01-07,1,1,1,1,0,6,0,1,0.38,0.3939,0.46,0.1642,6,56,62
8805,2012-01-07,1,1,1,16,0,6,0,2,0.56,0.5303,0.37,0.2836,133,268,401
8820,2012-01-08,1,1,1,7,0,0,0,2,0.3,0.3333,0.52,0,1,23,24
8835,2012-01-08,1,1,1,22,0,0,0,1,0.26,0.2727,0.6,0.1045,4,54,58
8850,2012-01-09,1,1,1,13,0,1,1,2,0.26,0.2727,0.56,0.1045,3,77,80
8865,2012-01-10,1,1,1,5,0,2,1,1,0.4,0.4091,0.47,0.2239,0,23,23
8880,2012-01-10,1,1,1,20,0,2,1,1,0.34,0.3485,0.53,0.1045,10,190,200
8895,2012-01-11,1,1,1,11,0,3,1,2,0.26,0.2879,0.87,0.0896,9,90,99
8910,2012-01-12,1,1,1,2,0,4,1,3,0.36,0.3485,0.93,0.2537,1,1,2
8925,2012-01-12,1,1,1,17,0,4,1,1,0.46,0.4545,0.63,0.1642,23,472,495
8940,2012-01-13,1,1,1,8,0,5,1,1,0.24,0.2121,0.52,0.3582,11,408,419
8955,2012-01-13,1,1,1,23,0,5,1,1,0.18,0.1818,0.47,0.194,5,60,65
8970,2012-01-14,1,1,1,14,0,6,0,1,0.24,0.2121,0.41,0.2985,52,179,231
8985,2012-01-15,1,1,1,5,0,0,0,2,0.16,0.1364,0.47,0.3284,0,5,5
9000,2012-01-15,1,1,1,20,0,0,0,1,0.16,0.1818,0.37,0.1045,10,85,95
9015,2012-01-16,1,1,1,11,1,1,0,1,0.16,0.1515,0.59,0.2537,21,158,179
9030,2012-01-17,1,1,1,2,0,2,1,3,0.28,0.2727,0.75,0.2537,0,12,12
9045,2012-01-17,1,1,1,18,0,2,1,1,0.46,0.4545,0.63,0.4478,12,451,463
9060,2012-01-18,1,1,1,9,0,3,1,1,0.28,0.2576,0.52,0.3284,6,196,202
9075,2012-01-19,1,1,1,0,0,4,1,1,0.14,0.1364,0.5,0.194,0,16,16
9090,2012-01-19,1,1,1,15,0,4,1,1,0.26,0.2273,0.44,0.2985,9,118,127
9105,2012-01-20,1,1,1,6,0,5,1,1,0.24,0.2121,0.6,0.2836,0,68,68
9120,2012-01-20,1,1,1,21,0,5,1,2,0.2,0.2273,0.37,0.0896,5,99,104
9135,2012-01-21,1,1,1,12,0,6,0,2,0.2,0.2121,0.8,0.1642,5,62,67
9150,2012-01-22,1,1,1,3,0,0,0,2,0.18,0.1667,0.69,0.2836,1,20,21
9165,2012-01-22,1,1,1,18,0,0,0,3,0.16,0.1818,0.86,0.1045,11,110,121
9180,2012-01-23,1,1,1,9,0,1,1,2,0.2,0.2273,0.86,0.0896,13,198,211
9195,2012-01-24,1,1,1,0,0,2,1,2,0.3,0.2879,1,0.2836,6,19,25
9210,2012-01-24,1,1,1,15,0,2,1,2,0.4,0.4091,0.71,0.1642,52,156,208
9225,2012-01-25,1,1,1,6,0,3,1,1,0.24,0.2273,0.73,0.2239,1,87,88
9240,2012-01-25,1,1,1,21,0,3,1,1,0.3,0.3333,0.65,0,19,166,185
9255,2012-01-26,1,1,1,12,0,4,1,2,0.34,0.3333,0.81,0.1343,29,136,165
9270,2012-01-27,1,1,1,3,0,5,1,2,0.42,0.4242,0.94,0.2836,3,5,8
9285,2012-01-27,1,1,1,18,0,5,1,1,0.4,0.4091,0.5,0.4925,20,363,383
9300,2012-01-28,1,1,1,9,0,6,0,1,0.22,0.2727,0.8,0,13,145,158
9315,2012-01-29,1,1,1,0,0,0,0,1,0.3,0.2879,0.33,0.2239,15,81,96
9330,2012-01-29,1,1,1,15,0,0,0,1,0.36,0.3333,0.25,0.2836,68,242,310
9345,2012-01-30,1,1,1,6,0,1,1,1,0.22,0.2121,0.44,0.2537,0,80,80
9360,2012-01-30,1,1,1,21,0,1,1,1,0.3,0.303,0.42,0.1642,3,159,162
9375,2012-01-31,1,1,1,12,0,2,1,1,0.4,0.4091,0.43,0.2985,13,181,194
9390,2012-02-01,1,1,2,3,0,3,1,1,0.44,0.4394,0.44,0.194,0,3,3
9405,2012-02-01,1,1,2,18,0,3,1,1,0.56,0.5303,0.46,0.1642,12,514,526
9420,2012-02-02,1,1,2,9,0,4,1,3,0.38,0.3939,0.87,0,15,213,228
9435,2012-02-03,1,1,2,0,0,5,1,1,0.32,0.2879,0.53,0.3881,1,37,38
9450,2012-02-03,1,1,2,15,0,5,1,1,0.38,0.3939,0.4,0,48,168,216
9465,2012-02-04,1,1,2,6,0,6,0,1,0.22,0.2273,0.87,0.1343,1,4,5
9480,2012-02-04,1,1,2,21,0,6,0,3,0.24,0.2424,0.93,0.1343,4,74,78
9495,2012-02-05,1,1,2,12,0,0,0,2,0.26,0.2576,0.65,0.194,25,223,248
9510,2012-02-06,1,1,2,4,0,1,1,1,0.18,0.2121,0.8,0.1045,0,2,2
9525,2012-02-06,1,1,2,19,0,1,1,1,0.36,0.3333,0.43,0.2537,7,284,291
9540,2012-02-07,1,1,2,10,0,2,1,1,0.34,0.3333,0.46,0.1642,12,104,116
9555,2012-02-08,1,1,2,1,0,3,1,1,0.28,0.2727,0.61,0.1642,1,9,10
9570,2012-02-08,1,1,2,16,0,3,1,3,0.26,0.2727,0.81,0.1045,2,73,75
9585,2012-02-09,1,1,2,7,0,4,1,1,0.2,0.197,0.69,0.2537,4,263,267
9600,2012-02-09,1,1,2,22,0,4,1,2,0.3,0.3333,0.56,0,3,104,107
9615,2012-02-10,1,1,2,13,0,5,1,2,0.3,0.3182,0.42,0.0896,22,170,192
9630,2012-02-11,1,1,2,4,0,6,0,3,0.24,0.2273,0.87,0.2239,0,4,4
9645,2012-02-11,1,1,2,19,0,6,0,2,0.2,0.1515,0.4,0.5522,2,85,87
9660,2012-02-12,1,1,2,10,0,0,0,1,0.12,0.1061,0.42,0.3582,8,83,91
9675,2012-02-13,1,1,2,1,0,1,1,1,0.12,0.1212,0.5,0.2239,0,6,6
9690,2012-02-13,1,1,2,16,0,1,1,1,0.36,0.3485,0.23,0.194,5,206,211
9705,2012-02-14,1,1,2,7,0,2,1,2,0.24,0.2576,0.6,0.0896,4,276,280
9720,2012-02-14,1,1,2,22,0,2,1,2,0.36,0.3636,0.5,0.1045,5,72,77
9735,2012-02-15,1,1,2,13,0,3,1,1,0.4,0.4091,0.43,0.2836,11,159,170
9750,2012-02-16,1,1,2,4,0,4,1,3,0.3,0.3182,0.7,0.0896,0,3,3
9765,2012-02-16,1,1,2,19,0,4,1,2,0.32,0.3182,0.87,0.1642,4,254,258
9780,2012-02-17,1,1,2,10,0,5,1,1,0.34,0.3182,0.71,0.2836,13,103,116
9795,2012-02-18,1,1,2,1,0,6,0,1,0.32,0.3182,0.49,0.1642,7,38,45
9810,2012-02-18,1,1,2,16,0,6,0,1,0.44,0.4394,0.44,0.3284,186,218,404
9825,2012-02-19,1,1,2,7,0,0,0,2,0.24,0.2121,0.52,0.2836,2,12,14
9840,2012-02-19,1,1,2,22,0,0,0,3,0.24,0.2576,0.75,0.0896,8,47,55
9855,2012-02-20,1,1,2,14,1,1,0,1,0.32,0.3182,0.36,0.194,57,206,263
9870,2012-02-21,1,1,2,6,0,2,1,1,0.2,0.2576,0.75,0,3,83,86
9885,2012-02-21,1,1,2,21,0,2,1,1,0.34,0.3333,0.61,0.1642,7,147,154
9900,2012-02-22,1,1,2,12,0,3,1,1,0.4,0.4091,0.62,0.2836,21,186,207
9915,2012-02-23,1,1,2,3,0,4,1,3,0.44,0.4394,0.67,0.194,2,4,6
9930,2012-02-23,1,1,2,18,0,4,1,1,0.54,0.5152,0.37,0.1343,36,486,522
9945,2012-02-24,1,1,2,9,0,5,1,3,0.36,0.3333,0.81,0.2537,15,229,244
9960,2012-02-25,1,1,2,0,0,6,0,1,0.36,0.3333,0.43,0.3881,5,56,61
9975,2012-02-25,1,1,2,15,0,6,0,1,0.32,0.2879,0.29,0.4179,21,211,232
9990,2012-02-26,1,1,2,6,0,0,0,1,0.22,0.197,0.44,0.3284,0,2,2
10005,2012-02-26,1,1,2,21,0,0,0,1,0.3,0.303,0.45,0.1343,8,75,83
10020,2012-02-27,1,1,2,12,0,1,1,1,0.4,0.4091,0.37,0.2985,13,164,177
10035,2012-02-28,1,1,2,3,0,2,1,1,0.4,0.4091,0.32,0.3582,0,6,6
10050,2012-02-28,1,1,2,18,0,2,1,1,0.42,0.4242,0.28,0.1642,17,432,449
10065,2012-02-29,1,1,2,10,0,3,1,3,0.3,0.303,0.81,0.1642,0,10,10
10080,2012-03-01,1,1,3,1,0,4,1,3,0.46,0.4545,0.94,0.1045,0,12,12
10095,2012-03-01,1,1,3,16,0,4,1,1,0.58,0.5455,0.32,0.2985,38,323,361
10110,2012-03-02,1,1,3,7,0,5,1,1,0.3,0.3333,0.7,0,4,258,262
10125,2012-03-02,1,1,3,22,0,5,1,2,0.36,0.3788,0.87,0,6,69,75
10140,2012-03-03,1,1,3,13,0,6,0,1,0.44,0.4394,0.51,0.2836,87,252,339
10155,2012-03-04,1,1,3,4,0,0,0,2,0.34,0.3333,0.46,0.194,3,11,14
10170,2012-03-04,1,1,3,19,0,0,0,1,0.3,0.2576,0.36,0.4925,12,120,132
10185,2012-03-05,1,1,3,10,0,1,1,2,0.24,0.2576,0.6,0,12,74,86
10200,2012-03-06,1,1,3,1,0,2,1,1,0.2,0.197,0.44,0.2537,0,6,6
10215,2012-03-06,1,1,3,16,0,2,1,1,0.36,0.3333,0.32,0.2836,22,228,250
10230,2012-03-07,1,1,3,7,0,3,1,1,0.26,0.2273,0.65,0.3881,12,332,344
10245,2012-03-07,1,1,3,22,0,3,1,1,0.46,0.4545,0.59,0.2985,10,149,159
10260,2012-03-08,1,1,3,13,0,4,1,2,0.6,0.6212,0.49,0.6418,35,198,233
10275,2012-03-09,1,1,3,4,0,5,1,3,0.4,0.4091,0.66,0.2836,0,1,1
10290,2012-03-09,1,1,3,19,0,5,1,1,0.42,0.4242,0.28,0.6119,12,232,244
10305,2012-03-10,1,1,3,10,0,6,0,1,0.26,0.2273,0.35,0.4179,47,176,223
10320,2012-03-11,1,1,3,1,0,0,0,1,0.24,0.2424,0.52,0.1642,4,57,61
10335,2012-03-11,1,1,3,17,0,0,0,1,0.52,0.5,0.27,0.2985,199,299,498
10350,2012-03-12,1,1,3,8,0,1,1,1,0.34,0.3333,0.61,0.1343,17,547,564
10365,2012-03-12,1,1,3,23,0,1,1,1,0.56,0.5303,0.56,0.2239,10,53,63
10380,2012-03-13,1,1,3,14,0,2,1,1,0.64,0.6212,0.53,0.3284,52,160,212
10395,2012-03-14,1,1,3,5,0,3,1,1,0.44,0.4394,0.82,0.1343,2,25,27
10410,2012-03-14,1,1,3,20,0,3,1,1,0.62,0.6212,0.35,0.1045,44,286,330
10425,2012-03-15,1,1,3,11,0,4,1,1,0.56,0.5303,0.6,0.1343,60,151,211
10440,2012-03-16,1,1,3,2,0,5,1,2,0.42,0.4242,0.82,0.194,0,4,4
10455,2012-03-16,1,1,3,17,0,5,1,3,0.48,0.4697,0.82,0.0896,23,235,258
10470,2012-03-17,1,1,3,8,0,6,0,2,0.42,0.4242,0.94,0.1045,63,155,218
10485,2012-03-17,1,1,3,23,0,6,0,1,0.5,0.4848,0.77,0.1642,34,151,185
10500,2012-03-18,1,1,3,14,0,0,0,2,0.5,0.4848,0.77,0.0896,218,303,521
10515,2012-03-19,1,1,3,5,0,1,1,1,0.44,0.4394,0.94,0,0,31,31
10530,2012-03-19,1,1,3,20,0,1,1,1,0.6,0.6061,0.64,0.2239,34,296,330
10545,2012-03-20,1,1,3,11,0,2,1,1,0.58,0.5455,0.83,0.1343,74,156,230
10560,2012-03-21,2,1,3,2,0,3,1,1,0.5,0.4848,0.88,0.1343,2,8,10
10575,2012-03-21,2,1,3,17,0,3,1,1,0.6,0.5909,0.69,0.0896,113,616,729
10590,2012-03-22,2,1,3,8,0,4,1,2,0.5,0.4848,0.94,0.0896,51,598,649
10605,2012-03-22,2,1,3,23,0,4,1,1,0.56,0.5303,0.83,0.0896,34,117,151
10620,2012-03-23,2,1,3,14,0,5,1,2,0.72,0.6515,0.42,0.1045,208,224,432
10635,2012-03-24,2,1,3,5,0,6,0,2,0.52,0.5,0.83,0.1642,0,4,4
10650,2012-03-24,2,1,3,20,0,6,0,3,0.44,0.4394,1,0.194,31,80,111
10665,2012-03-25,2,1,3,11,0,0,0,2,0.4,0.4091,0.94,0.2537,106,217,323
10680,2012-03-26,2,1,3,2,0,1,1,1,0.46,0.4545,0.88,0.2239,14,6,20
10695,2012-03-26,2,1,3,17,0,1,1,1,0.46,0.4545,0.24,0.4478,65,599,664
10710,2012-03-27,2,1,3,8,0,2,1,1,0.22,0.2121,0.37,0.2985,14,567,581
10725,2012-03-27,2,1,3,23,0,2,1,1,0.36,0.3485,0.37,0.194,5,59,64
10740,2012-03-28,2,1,3,14,0,3,1,1,0.62,0.6212,0.38,0.3582,52,169,221
10755,2012-03-29,2,1,3,5,0,4,1,1,0.5,0.4848,0.45,0.2239,2,30,32
10770,2012-03-29,2,1,3,20,0,4,1,1,0.46,0.4545,0.38,0.2985,34,301,335
10785,2012-03-30,2,1,3,11,0,5,1,2,0.36,0.3788,0.53,0,48,153,201
10800,2012-03-31,2,1,3,2,0,6,0,2,0.42,0.4242,0.77,0.2537,14,55,69
10815,2012-03-31,2,1,3,17,0,6,0,1,0.48,0.4697,0.67,0.4179,238,305,543
10830,2012-04-01,2,1,4,8,0,0,0,2,0.36,0.3636,0.76,0.0896,37,88,125
10845,2012-04-01,2,1,4,23,0,0,0,3,0.46,0.4545,0.72,0,10,53,63
10860,2012-04-02,2,1,4,15,0,1,1,1,0.48,0.4697,0.33,0.4179,132,192,324
10875,2012-04-03,2,1,4,6,0,2,1,1,0.3,0.3182,0.61,0.0896,2,98,100
10890,2012-04-03,2,1,4,21,0,2,1,1,0.54,0.5152,0.45,0,33,210,243
10905,2012-04-04,2,1,4,12,0,3,1,2,0.6,0.6212,0.46,0.4179,73,210,283
10920,2012-04-05,2,1,4,3,0,4,1,1,0.42,0.4242,0.41,0.2985,0,5,5
10935,2012-04-05,2,1,4,18,0,4,1,1,0.5,0.4848,0.31,0.1045,80,618,698
10950,2012-04-06,2,1,4,9,0,5,1,1,0.34,0.303,0.42,0.3284,58,318,376
10965,2012-04-07,2,1,4,0,0,6,0,1,0.42,0.4242,0.26,0.2985,9,85,94
10980,2012-04-07,2,1,4,15,0,6,0,1,0.52,0.5,0.19,0.4179,321,305,626
10995,2012-04-08,2,1,4,6,0,0,0,1,0.36,0.3788,0.37,0,7,21,28
11010,2012-04-08,2,1,4,21,0,0,0,1,0.52,0.5,0.34,0.2239,53,77,130
11025,2012-04-09,2,1,4,12,0,1,1,1,0.54,0.5152,0.28,0.7164,94,186,280
11040,2012-04-10,2,1,4,3,0,2,1,1,0.36,0.3485,0.71,0.1343,0,2,2
11055,2012-04-10,2,1,4,18,0,2,1,1,0.54,0.5152,0.22,0.4179,78,626,704
11070,2012-04-11,2,1,4,10,0,3,1,2,0.34,0.303,0.49,0.3284,26,127,153
11085,2012-04-12,2,1,4,1,0,4,1,1,0.32,0.303,0.66,0.2239,2,7,9
11100,2012-04-12,2,1,4,16,0,4,1,1,0.48,0.4697,0.31,0.2836,54,299,353
11115,2012-04-13,2,1,4,7,0,5,1,1,0.34,0.3182,0.61,0.2239,13,283,296
11130,2012-04-13,2,1,4,22,0,5,1,1,0.44,0.4394,0.62,0.1045,34,181,215
11145,2012-04-14,2,1,4,13,0,6,0,1,0.62,0.6212,0.33,0.2985,308,370,678
11160,2012-04-15,2,1,4,4,0,0,0,2,0.54,0.5152,0.52,0,2,10,12
11175,2012-04-15,2,1,4,19,0,0,0,1,0.7,0.6364,0.42,0.2537,114,265,379
11190,2012-04-16,2,1,4,10,1,1,0,1,0.62,0.6061,0.69,0.2537,75,149,224
11205,2012-04-17,2,1,4,1,0,2,1,1,0.64,0.6212,0.57,0.1642,6,5,11
11220,2012-04-17,2,1,4,16,0,2,1,1,0.68,0.6212,0.22,0.3582,50,320,370
11235,2012-04-18,2,1,4,7,0,3,1,2,0.5,0.4848,0.39,0.194,10,408,418
11250,2012-04-18,2,1,4,22,0,3,1,2,0.42,0.4242,0.77,0.0896,9,153,162
11265,2012-04-19,2,1,4,13,0,4,1,1,0.56,0.5303,0.46,0,52,186,238
11280,2012-04-20,2,1,4,4,0,5,1,1,0.42,0.4242,0.94,0.1045,0,3,3
11295,2012-04-20,2,1,4,19,0,5,1,1,0.6,0.6212,0.53,0.194,82,410,492
11310,2012-04-21,2,1,4,10,0,6,0,1,0.6,0.6061,0.64,0.2836,183,299,482
11325,2012-04-22,2,1,4,1,0,0,0,2,0.46,0.4545,0.82,0.3284,10,63,73
11340,2012-04-22,2,1,4,16,0,0,0,3,0.38,0.3939,0.87,0.4478,4,32,36
11355,2012-04-23,2,1,4,7,0,1,1,3,0.3,0.2879,0.81,0.2537,1,206,207
11370,2012-04-23,2,1,4,22,0,1,1,1,0.32,0.3182,0.76,0.194,18,71,89
11385,2012-04-24,2,1,4,13,0,2,1,1,0.5,0.4848,0.29,0.3881,35,189,224
11400,2012-04-25,2,1,4,4,0,3,1,1,0.34,0.3485,0.66,0.0896,0,6,6
11415,2012-04-25,2,1,4,19,0,3,1,1,0.6,0.5909,0.2,0.194,42,501,543
11430,2012-04-26,2,1,4,10,0,4,1,2,0.46,0.4545,0.94,0.1642,14,125,139
11445,2012-04-27,2,1,4,1,0,5,1,1,0.5,0.4848,0.59,0.4478,3,32,35
11460,2012-04-27,2,1,4,16,0,5,1,1,0.52,0.5,0.29,0.2537,105,335,440
11475,2012-04-28,2,1,4,7,0,6,0,1,0.34,0.3333,0.49,0.1642,10,45,55
11490,2012-04-28,2,1,4,22,0,6,0,2,0.36,0.3485,0.71,0.1343,17,66,83
11505,2012-04-29,2,1,4,13,0,0,0,1,0.5,0.4848,0.45,0.1045,226,369,595
11520,2012-04-30,2,1,4,4,0,1,1,1,0.38,0.3939,0.62,0.2537,0,2,2
11535,2012-04-30,2,1,4,19,0,1,1,2,0.54,0.5152,0.64,0.2537,51,420,471
11550,2012-05-01,2,1,5,10,0,2,1,1,0.62,0.5909,0.78,0.2537,30,144,174
11565,2012-05-02,2,1,5,1,0,3,1,1,0.56,0.5303,0.83,0,8,7,15
11580,2012-05-02,2,1,5,16,0,3,1,1,0.64,0.6061,0.65,0.1642,54,313,367
11595,2012-05-03,2,1,5,7,0,4,1,3,0.44,0.4394,0.94,0.1045,8,376,384
11610,2012-05-03,2,1,5,22,0,4,1,1,0.62,0.5909,0.78,0,29,217,246
11625,2012-05-04,2,1,5,13,0,5,1,2,0.64,0.6061,0.73,0,71,207,278
11640,2012-05-05,2,1,5,4,0,6,0,1,0.56,0.5303,0.88,0.1045,0,9,9
11655,2012-05-05,2,1,5,19,0,6,0,2,0.62,0.5909,0.73,0.3284,151,254,405
11670,2012-05-06,2,1,5,10,0,0,0,2,0.54,0.5152,0.77,0.1045,112,221,333
11685,2012-05-07,2,1,5,1,0,1,1,2,0.52,0.5,0.77,0.194,1,8,9
11700,2012-05-07,2,1,5,16,0,1,1,2,0.6,0.6212,0.53,0.3881,68,320,388
11715,2012-05-08,2,1,5,7,0,2,1,1,0.52,0.5,0.72,0.2836,21,442,463
11730,2012-05-08,2,1,5,22,0,2,1,3,0.6,0.5758,0.78,0.2537,13,134,147
11745,2012-05-09,2,1,5,13,0,3,1,2,0.64,0.6212,0.53,0.2537,50,216,266
11760,2012-05-10,2,1,5,4,0,4,1,1,0.46,0.4545,0.77,0.194,0,2,2
11775,2012-05-10,2,1,5,19,0,4,1,1,0.54,0.5152,0.37,0.3582,84,469,553
11790,2012-05-11,2,1,5,10,0,5,1,1,0.52,0.5,0.36,0.3284,69,141,210
11805,2012-05-12,2,1,5,1,0,6,0,1,0.5,0.4848,0.48,0,14,79,93
11820,2012-05-12,2,1,5,16,0,6,0,2,0.7,0.6364,0.21,0.194,254,337,591
11835,2012-05-13,2,1,5,7,0,0,0,1,0.52,0.5,0.68,0.1642,18,42,60
11850,2012-05-13,2,1,5,22,0,0,0,2,0.62,0.6061,0.61,0.1642,42,89,131
11865,2012-05-14,2,1,5,13,0,1,1,2,0.62,0.5909,0.73,0.2239,33,143,176
11880,2012-05-15,2,1,5,4,0,2,1,3,0.56,0.5303,0.94,0,1,4,5
11895,2012-05-15,2,1,5,19,0,2,1,1,0.66,0.6212,0.69,0.1642,57,455,512
11910,2012-05-16,2,1,5,10,0,3,1,1,0.66,0.6212,0.61,0,43,149,192
11925,2012-05-17,2,1,5,1,0,4,1,1,0.6,0.5606,0.83,0.1642,12,16,28
11940,2012-05-17,2,1,5,16,0,4,1,1,0.66,0.6212,0.31,0.194,86,344,430
11955,2012-05-18,2,1,5,7,0,5,1,1,0.46,0.4545,0.82,0.1045,40,475,515
11970,2012-05-18,2,1,5,22,0,5,1,1,0.56,0.5303,0.52,0.3284,57,194,251
11985,2012-05-19,2,1,5,13,0,6,0,1,0.7,0.6364,0.37,0.1343,332,372,704
12000,2012-05-20,2,1,5,4,0,0,0,1,0.52,0.5,0.68,0.0896,2,14,16
12015,2012-05-20,2,1,5,19,0,0,0,1,0.66,0.6212,0.61,0.4179,142,260,402
12030,2012-05-21,2,1,5,10,0,1,1,3,0.58,0.5455,0.88,0.2836,28,71,99
12045,2012-05-22,2,1,5,1,0,2,1,2,0.58,0.5455,0.83,0.1343,11,16,27
12060,2012-05-22,2,1,5,16,0,2,1,1,0.68,0.6364,0.61,0.1045,70,316,386
12075,2012-05-23,2,1,5,7,0,3,1,1,0.58,0.5455,0.83,0,16,452,468
12090,2012-05-23,2,1,5,22,0,3,1,2,0.62,0.5758,0.83,0.1642,23,136,159
12105,2012-05-24,2,1,5,13,0,4,1,1,0.72,0.6667,0.54,0.1642,69,233,302
12120,2012-05-25,2,1,5,4,0,5,1,2,0.62,0.5606,0.88,0,3,6,9
12135,2012-05-25,2,1,5,19,0,5,1,1,0.74,0.6818,0.62,0.2537,111,293,404
12150,2012-05-26,2,1,5,10,0,6,0,1,0.68,0.6364,0.79,0.2239,181,256,437
12165,2012-05-27,2,1,5,1,0,0,0,1,0.66,0.6212,0.74,0.2239,17,61,78
12180,2012-05-27,2,1,5,16,0,0,0,1,0.78,0.7121,0.52,0.2836,258,243,501
12195,2012-05-28,2,1,5,7,1,1,0,1,0.62,0.5909,0.78,0.1045,24,43,67
12210,2012-05-28,2,1,5,22,1,1,0,1,0.74,0.697,0.7,0.1642,47,110,157
12225,2012-05-29,2,1,5,13,0,2,1,1,0.82,0.7727,0.52,0.3881,63,176,239
12240,2012-05-30,2,1,5,4,0,3,1,2,0.62,0.5606,0.88,0.1343,0,6,6
12255,2012-05-30,2,1,5,19,0,3,1,1,0.72,0.6667,0.54,0.1642,50,506,556
12270,2012-05-31,2,1,5,10,0,4,1,1,0.7,0.6364,0.39,0.3881,65,155,220
12285,2012-06-01,2,1,6,1,0,5,1,1,0.64,0.6212,0.53,0.2239,0,34,34
12300,2012-06-01,2,1,6,16,0,5,1,3,0.74,0.6818,0.58,0.4478,36,186,222
12315,2012-06-02,2,1,6,7,0,6,0,1,0.52,0.5,0.72,0.1045,9,77,86
12330,2012-06-02,2,1,6,22,0,6,0,1,0.58,0.5455,0.46,0.1343,52,176,228
12345,2012-06-03,2,1,6,13,0,0,0,1,0.68,0.6364,0.36,0.2836,265,421,686
12360,2012-06-04,2,1,6,4,0,1,1,1,0.54,0.5152,0.64,0.0896,2,6,8
12375,2012-06-04,2,1,6,19,0,1,1,1,0.62,0.6212,0.38,0.4179,91,554,645
12390,2012-06-05,2,1,6,10,0,2,1,2,0.52,0.5,0.63,0.2985,58,118,176
12405,2012-06-06,2,1,6,1,0,3,1,1,0.52,0.5,0.68,0,6,21,27
12420,2012-06-06,2,1,6,16,0,3,1,1,0.64,0.6212,0.41,0.1343,107,345,452
12435,2012-06-07,2,1,6,7,0,4,1,1,0.5,0.4848,0.82,0.1642,20,506,526
12450,2012-06-07,2,1,6,22,0,4,1,1,0.6,0.6212,0.46,0.1642,35,193,228
12465,2012-06-08,2,1,6,13,0,5,1,1,0.74,0.6515,0.37,0.2537,129,287,416
12480,2012-06-09,2,1,6,4,0,6,0,1,0.62,0.6212,0.57,0,2,6,8
12495,2012-06-09,2,1,6,19,0,6,0,1,0.8,0.697,0.29,0.1642,128,232,360
12510,2012-06-10,2,1,6,10,0,0,0,1,0.76,0.6818,0.4,0.1045,148,265,413
12525,2012-06-11,2,1,6,1,0,1,1,1,0.66,0.6212,0.74,0.1642,9,15,24
12540,2012-06-11,2,1,6,16,0,1,1,2,0.8,0.7121,0.41,0.4179,87,340,427
12555,2012-06-12,2,1,6,7,0,2,1,3,0.62,0.5606,0.88,0.2537,16,287,303
12570,2012-06-12,2,1,6,22,0,2,1,1,0.66,0.5909,0.94,0.1045,19,188,207
12585,2012-06-13,2,1,6,13,0,3,1,2,0.7,0.6364,0.45,0.3881,52,203,255
12600,2012-06-14,2,1,6,4,0,4,1,2,0.6,0.6212,0.56,0.2537,0,6,6
12615,2012-06-14,2,1,6,19,0,4,1,1,0.7,0.6515,0.48,0.2537,96,483,579
12630,2012-06-15,2,1,6,10,0,5,1,1,0.64,0.6212,0.57,0.1642,56,160,216
12645,2012-06-16,2,1,6,1,0,6,0,1,0.56,0.5303,0.56,0,16,79,95
12660,2012-06-16,2,1,6,16,0,6,0,2,0.72,0.6515,0.37,0.1045,238,304,542
12675,2012-06-17,2,1,6,7,0,0,0,1,0.52,0.5,0.72,0.0896,18,30,48
12690,2012-06-17,2,1,6,22,0,0,0,1,0.6,0.6061,0.6,0.194,55,98,153
12705,2012-06-18,2,1,6,13,0,1,1,2,0.58,0.5455,0.73,0.1343,51,174,225
12720,2012-06-19,2,1,6,4,0,2,1,2,0.6,0.5758,0.78,0.1343,1,9,10
12735,2012-06-19,2,1,6,19,0,2,1,1,0.8,0.7727,0.59,0.2239,82,432,514
12750,2012-06-20,2,1,6,10,0,3,1,1,0.82,0.7727,0.52,0.1343,41,126,167
12765,2012-06-21,3,1,6,1,0,4,1,1,0.72,0.697,0.79,0.1343,2,16,18
12780,2012-06-21,3,1,6,16,0,4,1,1,0.9,0.8182,0.35,0.1343,37,283,320
12795,2012-06-22,3,1,6,7,0,5,1,1,0.74,0.6818,0.58,0.1642,19,340,359
12810,2012-06-22,3,1,6,22,0,5,1,1,0.68,0.6364,0.69,0.1343,42,155,197
12825,2012-06-23,3,1,6,13,0,6,0,1,0.82,0.7273,0.34,0.194,226,338,564
12840,2012-06-24,3,1,6,4,0,0,0,2,0.66,0.6212,0.65,0,4,9,13
12855,2012-06-24,3,1,6,19,0,0,0,1,0.8,0.7121,0.38,0.2985,176,247,423
12870,2012-06-25,3,1,6,10,0,1,1,1,0.76,0.697,0.55,0.1642,58,126,184
12885,2012-06-26,3,1,6,1,0,2,1,1,0.6,0.6212,0.35,0.3881,11,19,30
12900,2012-06-26,3,1,6,16,0,2,1,1,0.72,0.6364,0.26,0.4925,67,349,416
12915,2012-06-27,3,1,6,7,0,3,1,1,0.6,0.6212,0.43,0.3582,29,498,527
12930,2012-06-27,3,1,6,22,0,3,1,1,0.72,0.6515,0.39,0.0896,52,245,297
12945,2012-06-28,3,1,6,13,0,4,1,1,0.86,0.7424,0.26,0.2239,31,205,236
12960,2012-06-29,3,1,6,4,0,5,1,1,0.7,0.6515,0.65,0.1642,1,9,10
12975,2012-06-29,3,1,6,19,0,5,1,1,0.9,0.8788,0.47,0.194,60,303,363
12990,2012-06-30,3,1,6,10,0,6,0,1,0.88,0.7727,0.3,0.2537,96,308,404
13005,2012-07-01,3,1,7,1,0,0,0,1,0.74,0.697,0.7,0.1343,12,81,93
13020,2012-07-01,3,1,7,16,0,0,0,1,0.92,0.8333,0.33,0.2985,85,228,313
13035,2012-07-02,3,1,7,7,0,1,1,1,0.74,0.6667,0.51,0.1045,8,390,398
13050,2012-07-02,3,1,7,22,0,1,1,1,0.74,0.6667,0.51,0.1642,19,169,188
13065,2012-07-03,3,1,7,13,0,2,1,1,0.9,0.7727,0.25,0.1343,80,203,283
13080,2012-07-04,3,1,7,4,1,3,0,1,0.68,0.6364,0.69,0.2537,5,11,16
13095,2012-07-04,3,1,7,19,1,3,0,1,0.86,0.803,0.47,0.2239,177,255,432
13110,2012-07-05,3,1,7,10,0,4,1,1,0.86,0.7879,0.44,0.3582,69,117,186
13125,2012-07-06,3,1,7,1,0,5,1,1,0.78,0.7273,0.55,0.2239,7,22,29
13140,2012-07-06,3,1,7,16,0,5,1,1,0.92,0.8182,0.29,0.1045,69,300,369
13155,2012-07-07,3,1,7,7,0,6,0,1,0.78,0.7576,0.66,0.1045,8,63,71
13170,2012-07-07,3,1,7,22,0,6,0,1,0.84,0.8333,0.59,0.194,56,164,220
13185,2012-07-08,3,1,7,13,0,0,0,1,0.94,0.8788,0.38,0.2537,118,219,337
13200,2012-07-09,3,1,7,4,0,1,1,3,0.66,0.5909,0.89,0.3881,1,1,2
13215,2012-07-09,3,1,7,19,0,1,1,1,0.74,0.6818,0.55,0.1642,88,543,631
13230,2012-07-10,3,1,7,10,0,2,1,1,0.76,0.7121,0.62,0.194,56,134,190
13245,2012-07-11,3,1,7,1,0,3,1,1,0.64,0.5758,0.89,0,3,11,14
13260,2012-07-11,3,1,7,16,0,3,1,1,0.8,0.7121,0.38,0.194,53,358,411
13275,2012-07-12,3,1,7,7,0,4,1,1,0.64,0.6061,0.73,0.1343,32,480,512
13290,2012-07-12,3,1,7,22,0,4,1,1,0.72,0.6667,0.51,0.1642,56,262,318
13305,2012-07-13,3,1,7,13,0,5,1,2,0.8,0.7121,0.38,0.1343,100,274,374
13320,2012-07-14,3,1,7,4,0,6,0,3,0.66,0.6212,0.61,0.1045,3,6,9
13335,2012-07-14,3,1,7,19,0,6,0,1,0.72,0.7121,0.84,0.0896,156,275,431
13350,2012-07-15,3,1,7,10,0,0,0,1,0.76,0.7273,0.66,0.1343,141,241,382
13365,2012-07-16,3,1,7,1,0,1,1,2,0.7,0.6667,0.74,0.194,1,10,11
13380,2012-07-16,3,1,7,16,0,1,1,3,0.76,0.7273,0.66,0.5821,77,309,386
13395,2012-07-17,3,1,7,7,0,2,1,2,0.74,0.697,0.7,0,26,500,526
13410,2012-07-17,3,1,7,22,0,2,1,1,0.8,0.7576,0.55,0.2239,29,215,244
13425,2012-07-18,3,1,7,13,0,3,1,1,0.94,0.8485,0.33,0,49,154,203
13440,2012-07-19,3,1,7,4,0,4,1,1,0.72,0.6818,0.7,0.1045,0,8,8
13455,2012-07-19,3,1,7,19,0,4,1,1,0.84,0.7576,0.44,0.2537,53,480,533
13470,2012-07-20,3,1,7,10,0,5,1,2,0.7,0.6667,0.79,0.1642,51,182,233
13485,2012-07-21,3,1,7,1,0,6,0,2,0.62,0.5758,0.83,0.2537,10,62,72
13500,2012-07-21,3,1,7,16,0,6,0,3,0.6,0.5455,0.88,0.194,130,196,326
13515,2012-07-22,3,1,7,7,0,0,0,2,0.62,0.5758,0.83,0,13,25,38
13530,2012-07-22,3,1,7,22,0,0,0,1,0.7,0.6667,0.74,0.194,55,136,191
13545,2012-07-23,3,1,7,13,0,1,1,2,0.8,0.7424,0.52,0.1045,64,176,240
13560,2012-07-24,3,1,7,4,0,2,1,1,0.66,0.6061,0.83,0.0896,0,6,6
13575,2012-07-24,3,1,7,19,0,2,1,1,0.76,0.7121,0.62,0.1642,109,523,632
13590,2012-07-25,3,1,7,10,0,3,1,1,0.74,0.6515,0.37,0,68,163,231
13605,2012-07-26,3,1,7,1,0,4,1,1,0.66,0.6212,0.65,0.2239,6,23,29
13620,2012-07-26,3,1,7,16,0,4,1,1,0.94,0.8788,0.38,0.3881,62,312,374
13635,2012-07-27,3,1,7,7,0,5,1,1,0.72,0.6818,0.7,0.194,13,397,410
13650,2012-07-27,3,1,7,22,0,5,1,1,0.78,0.7424,0.59,0.1343,48,151,199
13665,2012-07-28,3,1,7,13,0,6,0,1,0.86,0.7879,0.41,0.2836,173,325,498
13680,2012-07-29,3,1,7,4,0,0,0,1,0.64,0.6061,0.69,0.194,2,11,13
13695,2012-07-29,3,1,7,19,0,0,0,1,0.76,0.697,0.55,0.1642,143,300,443
13710,2012-07-30,3,1,7,10,0,1,1,2,0.74,0.697,0.66,0.2239,54,135,189
13725,2012-07-31,3,1,7,1,0,2,1,1,0.66,0.6061,0.83,0.1343,3,18,21
13740,2012-07-31,3,1,7,16,0,2,1,1,0.76,0.7121,0.58,0.2239,66,336,402
13755,2012-08-01,3,1,8,7,0,3,1,2,0.64,0.5758,0.83,0.1343,19,468,487
13770,2012-08-01,3,1,8,22,0,3,1,1,0.72,0.6818,0.7,0.1045,37,251,288
13785,2012-08-02,3,1,8,13,0,4,1,1,0.86,0.7879,0.44,0.2239,98,212,310
13800,2012-08-03,3,1,8,4,0,5,1,1,0.66,0.6061,0.83,0.2537,1,11,12
13815,2012-08-03,3,1,8,19,0,5,1,2,0.8,0.7879,0.63,0.2239,81,388,469
13830,2012-08-04,3,1,8,10,0,6,0,1,0.82,0.7727,0.57,0.194,108,288,396
13845,2012-08-05,3,1,8,1,0,0,0,1,0.74,0.697,0.7,0.2537,8,79,87
13860,2012-08-05,3,1,8,16,0,0,0,1,0.82,0.7576,0.46,0.2537,143,278,421
13875,2012-08-06,3,1,8,7,0,1,1,3,0.72,0.6818,0.7,0.194,14,393,407
13890,2012-08-06,3,1,8,22,0,1,1,1,0.74,0.697,0.7,0.0896,50,157,207
13905,2012-08-07,3,1,8,13,0,2,1,2,0.8,0.7424,0.52,0.194,68,185,253
13920,2012-08-08,3,1,8,4,0,3,1,1,0.7,0.6667,0.84,0,1,6,7
13935,2012-08-08,3,1,8,19,0,3,1,1,0.76,0.7273,0.66,0.2239,119,567,686
13950,2012-08-09,3,1,8,10,0,4,1,1,0.8,0.7576,0.55,0.2239,72,133,205
13965,2012-08-10,3,1,8,1,0,5,1,1,0.7,0.6515,0.65,0.1045,6,35,41
13980,2012-08-10,3,1,8,16,0,5,1,1,0.78,0.7273,0.55,0.2985,96,371,467
13995,2012-08-11,3,1,8,7,0,6,0,1,0.64,0.5758,0.83,0.0896,8,54,62
14010,2012-08-11,3,1,8,22,0,6,0,2,0.66,0.5909,0.89,0.1642,40,128,168
14025,2012-08-12,3,1,8,13,0,0,0,1,0.78,0.697,0.4,0,178,365,543
14040,2012-08-13,3,1,8,4,0,1,1,1,0.64,0.6061,0.69,0.1045,0,11,11
14055,2012-08-13,3,1,8,19,0,1,1,1,0.74,0.6818,0.58,0.1642,88,467,555
14070,2012-08-14,3,1,8,10,0,2,1,1,0.7,0.6667,0.79,0.1045,53,155,208
14085,2012-08-15,3,1,8,1,0,3,1,1,0.7,0.6515,0.61,0,6,31,37
14100,2012-08-15,3,1,8,16,0,3,1,1,0.76,0.6818,0.48,0.194,91,340,431
14115,2012-08-16,3,1,8,7,0,4,1,1,0.64,0.6061,0.69,0.2239,16,448,464
14130,2012-08-16,3,1,8,22,0,4,1,1,0.72,0.6667,0.51,0.1642,69,185,254
14145,2012-08-17,3,1,8,13,0,5,1,1,0.84,0.2424,0.36,0.3881,103,254,357
14160,2012-08-18,3,1,8,4,0,6,0,1,0.62,0.5909,0.73,0.2239,5,8,13
14175,2012-08-18,3,1,8,19,0,6,0,1,0.7,0.6364,0.45,0.1642,164,324,488
14190,2012-08-19,3,1,8,10,0,0,0,2,0.68,0.6364,0.69,0,138,287,425
14205,2012-08-20,3,1,8,1,0,1,1,1,0.6,0.5606,0.83,0.1642,0,10,10
14220,2012-08-20,3,1,8,16,0,1,1,1,0.72,0.6667,0.54,0.2537,103,357,460
14235,2012-08-21,3,1,8,7,0,2,1,1,0.6,0.5758,0.78,0.1045,19,500,519
14250,2012-08-21,3,1,8,22,0,2,1,1,0.64,0.5909,0.78,0,24,208,232
14265,2012-08-22,3,1,8,13,0,3,1,1,0.76,0.6818,0.48,0.1045,74,242,316
14280,2012-08-23,3,1,8,4,0,4,1,1,0.62,0.5758,0.83,0,0,6,6
14295,2012-08-23,3,1,8,19,0,4,1,1,0.72,0.6667,0.51,0.0896,96,537,633
14310,2012-08-24,3,1,8,10,0,5,1,2,0.76,0.6818,0.48,0,78,184,262
14325,2012-08-25,3,1,8,1,0,6,0,2,0.68,0.6364,0.69,0,15,100,115
14340,2012-08-25,3,1,8,16,0,6,0,2,0.66,0.6212,0.74,0.2985,174,260,434
14355,2012-08-26,3,1,8,7,0,0,0,1,0.64,0.5758,0.89,0.194,11,23,34
14370,2012-08-26,3,1,8,22,0,0,0,1,0.62,0.5606,0.88,0.0896,20,94,114
14385,2012-08-27,3,1,8,13,0,1,1,1,0.76,0.7121,0.57,0.1642,77,211,288
14400,2012-08-28,3,1,8,4,0,2,1,1,0.66,0.6061,0.83,0.1343,2,6,8
14415,2012-08-28,3,1,8,19,0,2,1,1,0.74,0.6667,0.45,0.1642,82,515,597
14430,2012-08-29,3,1,8,10,0,3,1,1,0.72,0.6667,0.48,0.1642,34,144,178
14445,2012-08-30,3,1,8,1,0,4,1,1,0.64,0.6061,0.65,0,6,17,23
14460,2012-08-30,3,1,8,16,0,4,1,1,0.8,0.7273,0.43,0.1642,77,405,482
14475,2012-08-31,3,1,8,7,0,5,1,2,0.64,0.5758,0.89,0.0896,21,400,421
14490,2012-08-31,3,1,8,22,0,5,1,1,0.76,0.7121,0.58,0.194,65,212,277
14505,2012-09-01,3,1,9,13,0,6,0,2,0.82,0.7727,0.52,0.0896,237,267,504
14520,2012-09-02,3,1,9,4,0,0,0,1,0.66,0.5909,0.89,0,7,15,22
14535,2012-09-02,3,1,9,19,0,0,0,2,0.7,0.6667,0.84,0.2239,140,152,292
14550,2012-09-03,3,1,9,10,1,1,0,2,0.74,0.7121,0.74,0.2239,135,224,359
14565,2012-09-04,3,1,9,1,0,2,1,1,0.68,0.6364,0.82,0.1343,15,9,24
14580,2012-09-04,3,1,9,16,0,2,1,1,0.76,0.7273,0.7,0.4179,61,397,458
14595,2012-09-05,3,1,9,7,0,3,1,2,0.7,0.6667,0.79,0.2537,11,489,500
14610,2012-09-05,3,1,9,22,0,3,1,1,0.72,0.697,0.79,0,38,181,219
14625,2012-09-06,3,1,9,13,0,4,1,2,0.72,0.697,0.79,0.1045,39,152,191
14640,2012-09-07,3,1,9,4,0,5,1,1,0.62,0.5606,0.88,0,1,7,8
14655,2012-09-07,3,1,9,19,0,5,1,1,0.74,0.6818,0.62,0.2836,70,498,568
14670,2012-09-08,3,1,9,10,0,6,0,1,0.74,0.697,0.7,0.3881,100,322,422
14685,2012-09-09,3,1,9,1,0,0,0,1,0.56,0.5303,0.73,0.2239,20,104,124
14700,2012-09-09,3,1,9,16,0,0,0,1,0.68,0.6364,0.36,0.2836,228,473,701
14715,2012-09-10,3,1,9,7,0,1,1,1,0.52,0.5,0.68,0.2239,20,427,447
14730,2012-09-10,3,1,9,22,0,1,1,1,0.54,0.5152,0.52,0.1343,15,144,159
14745,2012-09-11,3,1,9,13,0,2,1,1,0.66,0.6212,0.29,0.0896,72,256,328
14760,2012-09-12,3,1,9,4,0,3,1,1,0.5,0.4848,0.72,0.0896,0,5,5
14775,2012-09-12,3,1,9,19,0,3,1,1,0.64,0.6212,0.5,0.194,78,557,635
14790,2012-09-13,3,1,9,10,0,4,1,1,0.64,0.6212,0.61,0.0896,63,149,212
14805,2012-09-14,3,1,9,1,0,5,1,1,0.56,0.5303,0.73,0.0896,6,35,41
14820,2012-09-14,3,1,9,16,0,5,1,2,0.72,0.6667,0.51,0,109,454,563
14835,2012-09-15,3,1,9,7,0,6,0,1,0.54,0.5152,0.52,0.2836,10,63,73
14850,2012-09-15,3,1,9,22,0,6,0,1,0.56,0.5303,0.52,0,82,197,279
14865,2012-09-16,3,1,9,13,0,0,0,1,0.64,0.6212,0.41,0.1642,240,454,694
14880,2012-09-17,3,1,9,4,0,1,1,1,0.5,0.4848,0.77,0,2,9,11
14895,2012-09-17,3,1,9,19,0,1,1,2,0.62,0.5909,0.73,0.1045,51,435,486
14910,2012-09-18,3,1,9,10,0,2,1,3,0.68,0.6364,0.79,0.6418,30,130,160
14925,2012-09-19,3,1,9,1,0,3,1,2,0.54,0.5152,0.68,0.2537,0,12,12
14940,2012-09-19,3,1,9,16,0,3,1,1,0.62,0.6212,0.35,0,69,397,466
14955,2012-09-20,3,1,9,7,0,4,1,1,0.46,0.4545,0.82,0.1045,20,514,534
14970,2012-09-20,3,1,9,22,0,4,1,1,0.54,0.5152,0.73,0.1045,35,252,287
14985,2012-09-21,3,1,9,13,0,5,1,1,0.7,0.6515,0.54,0.1642,105,316,421
15000,2012-09-22,3,1,9,4,0,6,0,1,0.56,0.5303,0.83,0.2836,5,10,15
15015,2012-09-22,3,1,9,19,0,6,0,1,0.7,0.6515,0.58,0.194,99,308,407
15030,2012-09-23,4,1,9,10,0,0,0,1,0.54,0.5152,0.45,0.2537,138,351,489
15045,2012-09-24,4,1,9,1,0,1,1,1,0.46,0.4545,0.67,0.1343,6,12,18
15060,2012-09-24,4,1,9,16,0,1,1,1,0.58,0.5455,0.3,0.2537,99,417,516
15075,2012-09-25,4,1,9,7,0,2,1,1,0.44,0.4394,0.77,0.194,17,539,556
15090,2012-09-25,4,1,9,22,0,2,1,1,0.6,0.6212,0.56,0.2836,14,174,188
15105,2012-09-26,4,1,9,13,0,3,1,1,0.7,0.6515,0.58,0.2239,67,273,340
15120,2012-09-27,4,1,9,4,0,4,1,1,0.56,0.5303,0.94,0.1343,2,6,8
15135,2012-09-27,4,1,9,19,0,4,1,1,0.66,0.6212,0.65,0.1343,48,511,559
15150,2012-09-28,4,1,9,10,0,5,1,2,0.64,0.5909,0.78,0.1343,51,194,245
15165,2012-09-29,4,1,9,1,0,6,0,1,0.54,0.5152,0.6,0.2239,12,89,101
15180,2012-09-29,4,1,9,16,0,6,0,1,0.62,0.6212,0.41,0.2537,275,447,722
15195,2012-09-30,4,1,9,7,0,0,0,1,0.44,0.4394,0.77,0,14,43,57
15210,2012-09-30,4,1,9,22,0,0,0,1,0.48,0.4697,0.72,0,15,76,91
15225,2012-10-01,4,1,10,13,0,1,1,2,0.6,0.6212,0.43,0.1642,80,225,305
15240,2012-10-02,4,1,10,4,0,2,1,2,0.56,0.5303,0.83,0.0896,2,8,10
15255,2012-10-02,4,1,10,19,0,2,1,3,0.62,0.5455,0.94,0,27,368,395
15270,2012-10-03,4,1,10,10,0,3,1,1,0.66,0.6061,0.78,0.1642,29,146,175
15285,2012-10-04,4,1,10,1,0,4,1,2,0.62,0.5455,0.94,0,2,23,25
15300,2012-10-04,4,1,10,16,0,4,1,1,0.7,0.6515,0.54,0.2836,86,411,497
15315,2012-10-05,4,1,10,7,0,5,1,1,0.52,0.5,0.83,0.1045,11,417,428
15330,2012-10-05,4,1,10,22,0,5,1,1,0.6,0.5909,0.73,0.2836,63,201,264
15345,2012-10-06,4,1,10,13,0,6,0,2,0.64,0.6212,0.57,0.5224,310,400,710
15360,2012-10-07,4,1,10,4,0,0,0,2,0.44,0.4394,0.54,0.2537,5,6,11
15375,2012-10-07,4,1,10,19,0,0,0,2,0.4,0.4091,0.82,0.1045,17,97,114
15390,2012-10-08,4,1,10,10,1,1,0,2,0.38,0.3939,0.68,0.1343,69,229,298
15405,2012-10-09,4,1,10,1,0,2,1,3,0.36,0.3485,0.87,0.2239,0,13,13
15420,2012-10-09,4,1,10,16,0,2,1,2,0.5,0.4848,0.72,0.1642,70,354,424
15435,2012-10-10,4,1,10,7,0,3,1,1,0.46,0.4545,0.82,0.1045,9,498,507
15450,2012-10-10,4,1,10,22,0,3,1,1,0.46,0.4545,0.55,0.2985,27,170,197
15465,2012-10-11,4,1,10,13,0,4,1,1,0.5,0.4848,0.31,0.1045,48,243,291
15480,2012-10-12,4,1,10,4,0,5,1,1,0.36,0.3636,0.76,0.1045,0,8,8
15495,2012-10-12,4,1,10,19,0,5,1,1,0.42,0.4242,0.41,0.2239,40,453,493
15510,2012-10-13,4,1,10,10,0,6,0,1,0.4,0.4091,0.43,0,82,265,347
15525,2012-10-14,4,1,10,1,0,0,0,1,0.42,0.4242,0.77,0.2836,16,96,112
15540,2012-10-14,4,1,10,16,0,0,0,1,0.64,0.6212,0.41,0.2985,203,378,581
15555,2012-10-15,4,1,10,7,0,1,1,2,0.58,0.5455,0.68,0.3284,15,461,476
15570,2012-10-15,4,1,10,22,0,1,1,1,0.5,0.4848,0.59,0.2836,8,118,126
15585,2012-10-16,4,1,10,13,0,2,1,1,0.52,0.5,0.45,0.2836,68,260,328
15600,2012-10-17,4,1,10,4,0,3,1,1,0.36,0.3636,0.81,0.0896,0,4,4
15615,2012-10-17,4,1,10,19,0,3,1,1,0.5,0.4848,0.72,0.194,49,467,516
15630,2012-10-18,4,1,10,10,0,4,1,2,0.52,0.5,0.68,0.2239,60,158,218
15645,2012-10-19,4,1,10,1,0,5,1,3,0.54,0.5152,0.88,0,4,12,16
15660,2012-10-19,4,1,10,16,0,5,1,3,0.62,0.6061,0.69,0.3582,131,434,565
15675,2012-10-20,4,1,10,7,0,6,0,1,0.4,0.4091,0.82,0,6,59,65
15690,2012-10-20,4,1,10,22,0,6,0,1,0.44,0.4394,0.51,0.1045,47,155,202
15705,2012-10-21,4,1,10,13,0,0,0,1,0.56,0.5303,0.37,0.2537,243,383,626
15720,2012-10-22,4,1,10,4,0,1,1,1,0.38,0.3939,0.66,0,1,6,7
15735,2012-10-22,4,1,10,19,0,1,1,1,0.52,0.5,0.52,0.1045,36,478,514
15750,2012-10-23,4,1,10,10,0,2,1,1,0.54,0.5152,0.6,0,50,171,221
15765,2012-10-24,4,1,10,1,0,3,1,1,0.54,0.5152,0.68,0,4,23,27
15780,2012-10-24,4,1,10,16,0,3,1,1,0.74,0.6515,0.33,0.1343,67,465,532
15795,2012-10-25,4,1,10,7,0,4,1,2,0.52,0.5,0.88,0.194,18,477,495
15810,2012-10-25,4,1,10,22,0,4,1,2,0.54,0.5152,0.83,0.0896,22,185,207
15825,2012-10-26,4,1,10,13,0,5,1,2,0.58,0.5455,0.68,0.1343,77,260,337
15840,2012-10-27,4,1,10,4,0,6,0,2,0.5,0.4848,0.88,0.1642,1,12,13
15855,2012-10-27,4,1,10,19,0,6,0,2,0.52,0.5,0.72,0.2239,67,233,300
15870,2012-10-28,4,1,10,10,0,0,0,2,0.48,0.4697,0.51,0.4179,120,314,434
15885,2012-10-30,4,1,10,13,0,2,1,3,0.3,0.2727,0.81,0.3582,11,105,116
15900,2012-10-31,4,1,10,4,0,3,1,2,0.3,0.2879,0.87,0.194,0,5,5
15915,2012-10-31,4,1,10,19,0,3,1,2,0.4,0.4091,0.5,0.194,27,383,410
15930,2012-11-01,4,1,11,10,0,4,1,3,0.36,0.3485,0.62,0.194,13,133,146
15945,2012-11-02,4,1,11,1,0,5,1,1,0.32,0.3182,0.66,0.1642,5,19,24
15960,2012-11-02,4,1,11,16,0,5,1,1,0.38,0.3939,0.4,0.3284,48,373,421
15975,2012-11-03,4,1,11,7,0,6,0,2,0.32,0.303,0.49,0.2537,1,58,59
15990,2012-11-03,4,1,11,22,0,6,0,1,0.32,0.3333,0.57,0.1045,13,133,146
16005,2012-11-04,4,1,11,13,0,0,0,1,0.4,0.4091,0.43,0.2239,122,371,493
16020,2012-11-05,4,1,11,4,0,1,1,2,0.3,0.2879,0.52,0.2537,5,11,16
16035,2012-11-05,4,1,11,19,0,1,1,1,0.32,0.3182,0.49,0.1642,11,361,372
16050,2012-11-06,4,1,11,10,0,2,1,1,0.3,0.2879,0.49,0.194,41,189,230
16065,2012-11-07,4,1,11,1,0,3,1,2,0.28,0.2727,0.61,0.2537,6,86,92
16080,2012-11-07,4,1,11,16,0,3,1,2,0.32,0.2879,0.53,0.3582,23,250,273
16095,2012-11-08,4,1,11,8,0,4,1,1,0.3,0.2879,0.33,0.2836,16,652,668
16110,2012-11-08,4,1,11,23,0,4,1,1,0.34,0.303,0.46,0.3582,5,82,87
16125,2012-11-09,4,1,11,14,0,5,1,1,0.46,0.4545,0.38,0.194,67,207,274
16140,2012-11-10,4,1,11,5,0,6,0,1,0.28,0.3182,0.87,0,1,9,10
16155,2012-11-10,4,1,11,20,0,6,0,1,0.44,0.4394,0.54,0,39,153,192
16170,2012-11-11,4,1,11,11,0,0,0,1,0.46,0.4545,0.59,0.1343,180,324,504
16185,2012-11-12,4,1,11,2,1,1,0,1,0.4,0.4091,0.76,0.1343,6,14,20
16200,2012-11-12,4,1,11,17,1,1,0,1,0.56,0.5303,0.64,0.2836,66,530,596
16215,2012-11-13,4,1,11,8,0,2,1,3,0.32,0.303,0.87,0.2537,4,207,211
16230,2012-11-13,4,1,11,23,0,2,1,1,0.26,0.2273,0.56,0.2985,6,78,84
16245,2012-11-14,4,1,11,14,0,3,1,1,0.36,0.3485,0.43,0.1343,20,161,181
16260,2012-11-15,4,1,11,5,0,4,1,2,0.3,0.2879,0.61,0.2239,3,34,37
16275,2012-11-15,4,1,11,20,0,4,1,1,0.34,0.3485,0.61,0.1045,23,262,285
16290,2012-11-16,4,1,11,11,0,5,1,1,0.38,0.3939,0.43,0.2239,33,185,218
16305,2012-11-17,4,1,11,2,0,6,0,1,0.26,0.2576,0.65,0.194,8,41,49
16320,2012-11-17,4,1,11,17,0,6,0,1,0.38,0.3939,0.4,0.1642,101,302,403
16335,2012-11-18,4,1,11,8,0,0,0,1,0.3,0.2879,0.75,0.2537,19,100,119
16350,2012-11-18,4,1,11,23,0,0,0,1,0.36,0.3485,0.66,0.2239,6,53,59
16365,2012-11-19,4,1,11,14,0,1,1,1,0.44,0.4394,0.54,0.2537,47,170,217
16380,2012-11-20,4,1,11,5,0,2,1,2,0.34,0.3333,0.66,0.1343,2,32,34
16395,2012-11-20,4,1,11,20,0,2,1,2,0.38,0.3939,0.76,0,11,224,235
16410,2012-11-21,4,1,11,11,0,3,1,1,0.4,0.4091,0.5,0.194,43,198,241
16425,2012-11-22,4,1,11,2,1,4,0,1,0.24,0.2576,0.75,0.0896,3,15,18
16440,2012-11-22,4,1,11,17,1,4,0,1,0.44,0.4394,0.35,0,66,43,109
16455,2012-11-23,4,1,11,8,0,5,1,1,0.24,0.2576,0.87,0.0896,11,83,94
16470,2012-11-23,4,1,11,23,0,5,1,1,0.42,0.4242,0.38,0.4478,20,47,67
16485,2012-11-24,4,1,11,14,0,6,0,1,0.32,0.2879,0.33,0.4627,58,149,207
16500,2012-11-25,4,1,11,5,0,0,0,2,0.22,0.2273,0.47,0.1642,0,3,3
16515,2012-11-25,4,1,11,20,0,0,0,1,0.24,0.2879,0.6,0,9,110,119
16530,2012-11-26,4,1,11,11,0,1,1,1,0.4,0.4091,0.37,0.2985,18,112,130
16545,2012-11-27,4,1,11,2,0,2,1,2,0.32,0.3182,0.7,0.1642,0,5,5
16560,2012-11-27,4,1,11,17,0,2,1,2,0.3,0.2727,0.75,0.3881,13,514,527
16575,2012-11-28,4,1,11,8,0,3,1,1,0.24,0.2121,0.6,0.2836,9,683,692
16590,2012-11-28,4,1,11,23,0,3,1,1,0.26,0.2727,0.48,0.1343,5,73,78
16605,2012-11-29,4,1,11,15,0,4,1,1,0.36,0.3333,0.43,0.2836,19,201,220
16620,2012-11-30,4,1,11,6,0,5,1,1,0.2,0.2576,0.86,0,2,104,106
16635,2012-11-30,4,1,11,21,0,5,1,1,0.3,0.3182,0.75,0.0896,14,169,183
16650,2012-12-01,4,1,12,12,0,6,0,2,0.32,0.3333,0.81,0.0896,119,327,446
16665,2012-12-02,4,1,12,3,0,0,0,2,0.26,0.303,0.93,0,4,21,25
16680,2012-12-02,4,1,12,18,0,0,0,2,0.44,0.4394,0.72,0.1045,25,178,203
16695,2012-12-03,4,1,12,9,0,1,1,1,0.4,0.4091,0.87,0.0896,19,289,308
16710,2012-12-04,4,1,12,0,0,2,1,1,0.42,0.4242,0.88,0.1045,6,49,55
16725,2012-12-04,4,1,12,15,0,2,1,2,0.6,0.6212,0.49,0.2537,56,244,300
16740,2012-12-05,4,1,12,6,0,3,1,3,0.48,0.4697,0.55,0.3881,5,119,124
16755,2012-12-05,4,1,12,21,0,3,1,1,0.34,0.303,0.46,0.4179,14,184,198
16770,2012-12-06,4,1,12,12,0,4,1,1,0.28,0.3182,0.41,0,29,206,235
16785,2012-12-07,4,1,12,3,0,5,1,2,0.26,0.2576,0.81,0.194,0,5,5
16800,2012-12-07,4,1,12,18,0,5,1,2,0.38,0.3939,0.71,0.1045,25,473,498
16815,2012-12-08,4,1,12,9,0,6,0,2,0.38,0.3939,0.94,0,17,153,170
16830,2012-12-09,4,1,12,0,0,0,0,2,0.4,0.4091,0.87,0.1343,15,103,118
16845,2012-12-09,4,1,12,15,0,0,0,3,0.36,0.3485,0.93,0.1642,25,200,225
16860,2012-12-10,4,1,12,6,0,1,1,2,0.38,0.3939,0.94,0.1642,2,121,123
16875,2012-12-10,4,1,12,21,0,1,1,2,0.46,0.4545,0.94,0.194,21,224,245
16890,2012-12-11,4,1,12,12,0,2,1,2,0.36,0.3182,0.53,0.4478,13,213,226
16905,2012-12-12,4,1,12,3,0,3,1,1,0.26,0.2727,0.6,0.1343,3,7,10
16920,2012-12-12,4,1,12,18,0,3,1,2,0.32,0.303,0.49,0.2239,25,515,540
16935,2012-12-13,4,1,12,9,0,4,1,1,0.28,0.2727,0.52,0.2537,25,300,325
16950,2012-12-14,4,1,12,0,0,5,1,1,0.22,0.2576,0.64,0.0896,4,43,47
16965,2012-12-14,4,1,12,15,0,5,1,1,0.4,0.4091,0.47,0.1642,57,252,309
16980,2012-12-15,4,1,12,6,0,6,0,2,0.24,0.2879,0.75,0,0,11,11
16995,2012-12-15,4,1,12,21,0,6,0,1,0.36,0.3485,0.62,0.1343,15,169,184
17010,2012-12-16,4,1,12,12,0,0,0,2,0.38,0.3939,0.82,0.194,67,350,417
17025,2012-12-17,4,1,12,3,0,1,1,2,0.36,0.3788,0.93,0,0,3,3
17040,2012-12-17,4,1,12,18,0,1,1,2,0.4,0.4091,0.94,0.0896,14,493,507
17055,2012-12-18,4,1,12,9,0,2,1,1,0.4,0.4091,0.87,0.0896,19,307,326
17070,2012-12-19,4,1,12,0,0,3,1,1,0.3,0.3182,0.61,0,6,35,41
17085,2012-12-19,4,1,12,15,0,3,1,1,0.42,0.4242,0.5,0.2836,28,209,237
17100,2012-12-20,4,1,12,6,0,4,1,2,0.3,0.3333,0.65,0,4,114,118
17115,2012-12-20,4,1,12,21,0,4,1,3,0.34,0.3333,0.76,0.1642,1,25,26
17130,2012-12-21,1,1,12,12,0,5,1,2,0.32,0.2879,0.39,0.3582,25,199,224
17145,2012-12-22,1,1,12,3,0,6,0,1,0.26,0.2121,0.48,0.4478,0,7,7
17160,2012-12-22,1,1,12,18,0,6,0,1,0.26,0.2121,0.44,0.4627,7,75,82
17175,2012-12-23,1,1,12,9,0,0,0,1,0.2,0.2273,0.59,0.1045,7,49,56
17190,2012-12-24,1,1,12,0,0,1,1,1,0.22,0.2727,0.69,0,0,12,12
17205,2012-12-24,1,1,12,16,0,1,1,3,0.24,0.2273,0.87,0.2239,6,27,33
17220,2012-12-25,1,1,12,8,1,2,0,2,0.24,0.2879,0.87,0,1,10,11
17235,2012-12-25,1,1,12,23,1,2,0,2,0.28,0.2727,0.65,0.2537,4,26,30
17250,2012-12-26,1,1,12,14,0,3,1,3,0.22,0.2121,0.93,0.2537,0,20,20
17265,2012-12-27,1,1,12,5,0,4,1,1,0.24,0.2424,0.75,0.1642,1,10,11
17280,2012-12-27,1,1,12,20,0,4,1,1,0.24,0.2424,0.6,0.1642,12,79,91
17295,2012-12-28,1,1,12,11,0,5,1,2,0.28,0.2727,0.52,0.2239,71,107,178
17310,2012-12-29,1,1,12,2,0,6,0,2,0.24,0.2424,0.7,0,1,18,19
17325,2012-12-29,1,1,12,17,0,6,0,1,0.26,0.2424,0.79,0.1045,18,100,118
17340,2012-12-30,1,1,12,8,0,0,0,1,0.24,0.197,0.52,0.4627,1,32,33
17355,2012-12-30,1,1,12,23,0,0,0,1,0.2,0.197,0.51,0.2239,10,39,49
17370,2012-12-31,1,1,12,14,0,1,1,2,0.28,0.2727,0.45,0.2239,62,185,247
